position,case,twist,youngs_modulus,base_radius,density,coner_angle,tgt_dir
1,1,6.388906070053029,0.0037302186027437702,2.439718286231589,1.1689482382305001e-06,2.9019187187867255,"[[np.float64(-0.13683123168939845) np.float64(0.0)
  np.float64(-0.9905943741180656)]
 [np.float64(0.47774995147587584) np.float64(0.8760137356613963)
  np.float64(-0.06599180856260654)]
 [np.float64(0.8862766165283258) np.float64(-0.45607452041323976)
  np.float64(-0.08068327475342257)]]"
1,1,3.6629585781334555,0.003363534900647472,2.319687911886611,1.2701466043586162e-06,1.284590599470432,"[[np.float64(-0.13683123168939845) np.float64(0.0)
  np.float64(-0.9905943741180656)]
 [np.float64(0.47774995147587584) np.float64(0.8760137356613963)
  np.float64(-0.06599180856260654)]
 [np.float64(0.8574914039882793) np.float64(-0.49690218956337906)
  np.float64(-0.13340429563297151)]]"
1,1,-3.0575269106650182,0.0037740218975632275,2.3386950155868145,1.2093367551849884e-06,7.649235514396484,"[[np.float64(-0.13683123168939845) np.float64(0.0)
  np.float64(-0.9905943741180656)]
 [np.float64(0.47774995147587584) np.float64(0.8760137356613963)
  np.float64(-0.06599180856260654)]
 [np.float64(0.924718484180259) np.float64(-0.37517085550453705)
  np.float64(-0.06436267703691151)]]"
1,1,8.894739676169085,0.0035983291868098705,2.2858546858268274,1.1264133437545814e-06,5.483077253280367,"[[np.float64(-0.13683123168939845) np.float64(0.0)
  np.float64(-0.9905943741180656)]
 [np.float64(0.47774995147587584) np.float64(0.8760137356613963)
  np.float64(-0.06599180856260654)]
 [np.float64(0.8193889613917679) np.float64(-0.5634984102125314)
  np.float64(-0.10522011042224609)]]"
1,1,0.7801693050963561,0.0033303673227222013,2.543647837759757,1.3517302272819755e-06,3.0867190890846112,"[[np.float64(-0.13683123168939845) np.float64(0.0)
  np.float64(-0.9905943741180656)]
 [np.float64(0.47774995147587584) np.float64(0.8760137356613963)
  np.float64(-0.06599180856260654)]
 [np.float64(0.8433915455534952) np.float64(-0.527308973866385)
  np.float64(-0.10313072756878469)]]"
1,1,-6.12799102944491,0.003484799325903798,2.6688672998685625,1.292828223293288e-06,7.130653563630656,"[[np.float64(-0.13683123168939845) np.float64(0.0)
  np.float64(-0.9905943741180656)]
 [np.float64(0.47774995147587584) np.float64(0.8760137356613963)
  np.float64(-0.06599180856260654)]
 [np.float64(0.881381302467733) np.float64(-0.4723935678939196)
  np.float64(0.0033640262685098177)]]"
1,1,-1.7779018824420376,0.0036693221332369337,2.3781911432820624,1.3386795805843647e-06,6.844490976825057,"[[np.float64(-0.13683123168939845) np.float64(0.0)
  np.float64(-0.9905943741180656)]
 [np.float64(0.47774995147587584) np.float64(0.8760137356613963)
  np.float64(-0.06599180856260654)]
 [np.float64(0.8075417305920889) np.float64(-0.5821929987943708)
  np.float64(-0.09448632444513692)]]"
1,1,7.866220367143768,0.003882320771095066,2.2345483080668473,1.324101987663163e-06,9.944365746008039,"[[np.float64(-0.13683123168939845) np.float64(0.0)
  np.float64(-0.9905943741180656)]
 [np.float64(0.47774995147587584) np.float64(0.8760137356613963)
  np.float64(-0.06599180856260654)]
 [np.float64(0.9116716662315415) np.float64(-0.40972439672379024)
  np.float64(0.03131599782748161)]]"
1,1,9.84495057027113,0.0034286581213464925,2.521655560247508,1.236608328334625e-06,4.6543000171528375,"[[np.float64(-0.13683123168939845) np.float64(0.0)
  np.float64(-0.9905943741180656)]
 [np.float64(0.47774995147587584) np.float64(0.8760137356613963)
  np.float64(-0.06599180856260654)]
 [np.float64(0.9003359638762461) np.float64(-0.4300192838876734)
  np.float64(-0.06692210125035791)]]"
1,1,5.305305966342406,0.0038934565212212237,2.409269045493121,1.1880610966719637e-06,0.8396930621257952,"[[np.float64(-0.13683123168939845) np.float64(0.0)
  np.float64(-0.9905943741180656)]
 [np.float64(0.47774995147587584) np.float64(0.8760137356613963)
  np.float64(-0.06599180856260654)]
 [np.float64(0.8616347248904894) np.float64(-0.4905102170987461)
  np.float64(-0.13032777058106915)]]"
1,1,-9.903314820662594,0.0033094446645775145,2.5562345251225316,1.1589918187145466e-06,9.052415500420674,"[[np.float64(-0.13683123168939845) np.float64(0.0)
  np.float64(-0.9905943741180656)]
 [np.float64(0.47774995147587584) np.float64(0.8760137356613963)
  np.float64(-0.06599180856260654)]
 [np.float64(0.8973556006080737) np.float64(-0.37533964022949884)
  np.float64(-0.23210575290094262)]]"
1,1,-2.7156421635982966,0.003788630390543269,2.2640954744947592,1.1471156799398873e-06,2.1796489428267103,"[[np.float64(-0.13683123168939845) np.float64(0.0)
  np.float64(-0.9905943741180656)]
 [np.float64(0.47774995147587584) np.float64(0.8760137356613963)
  np.float64(-0.06599180856260654)]
 [np.float64(0.8792070379970024) np.float64(-0.46856228356725027)
  np.float64(-0.08628076700389933)]]"
1,1,-7.448506221127725,0.0034989650273189628,2.613512346902357,1.2010728645215974e-06,8.30125403897825,"[[np.float64(-0.13683123168939845) np.float64(0.0)
  np.float64(-0.9905943741180656)]
 [np.float64(0.47774995147587584) np.float64(0.8760137356613963)
  np.float64(-0.06599180856260654)]
 [np.float64(0.8926305544612119) np.float64(-0.45038300018304767)
  np.float64(0.01912711134454255)]]"
1,1,2.4531299799615525,0.003528446775707829,2.209930786339914,1.1433092893541062e-06,3.968751651728446,"[[np.float64(-0.13683123168939845) np.float64(0.0)
  np.float64(-0.9905943741180656)]
 [np.float64(0.47774995147587584) np.float64(0.8760137356613963)
  np.float64(-0.06599180856260654)]
 [np.float64(0.8615728680266688) np.float64(-0.4715384082945211)
  np.float64(-0.18799926218836566)]]"
1,1,-0.21566836670052147,0.0036891767972078693,2.473035782642206,1.227207974898915e-06,8.571279539520445,"[[np.float64(-0.13683123168939845) np.float64(0.0)
  np.float64(-0.9905943741180656)]
 [np.float64(0.47774995147587584) np.float64(0.8760137356613963)
  np.float64(-0.06599180856260654)]
 [np.float64(0.8186705748122903) np.float64(-0.5741237757062156)
  np.float64(-0.012664126711034326)]]"
1,1,4.711150043418614,0.0036098079673616244,2.3868774033899003,1.2616952519446973e-06,4.487370971107413,"[[np.float64(-0.13683123168939845) np.float64(0.0)
  np.float64(-0.9905943741180656)]
 [np.float64(0.47774995147587584) np.float64(0.8760137356613963)
  np.float64(-0.06599180856260654)]
 [np.float64(0.8434877106242298) np.float64(-0.5017735679678086)
  np.float64(-0.19170750771618367)]]"
1,1,-4.327211458665362,0.0038290916239211675,2.491423379448384,1.107267734187323e-06,6.357106132291532,"[[np.float64(-0.13683123168939845) np.float64(0.0)
  np.float64(-0.9905943741180656)]
 [np.float64(0.47774995147587584) np.float64(0.8760137356613963)
  np.float64(-0.06599180856260654)]
 [np.float64(0.8118251748973855) np.float64(-0.5755693309301839)
  np.float64(-0.09828443770714716)]]"
1,1,-8.110702798256533,0.003956408999457189,2.588456500179156,1.2877546368022088e-06,0.4880248954823181,"[[np.float64(-0.13683123168939845) np.float64(0.0)
  np.float64(-0.9905943741180656)]
 [np.float64(0.47774995147587584) np.float64(0.8760137356613963)
  np.float64(-0.06599180856260654)]
 [np.float64(0.8681723345469214) np.float64(-0.4835845823638243)
  np.float64(-0.11145738749564268)]]"
1,1,-5.439930059101924,0.0032665338257392316,2.6299460888048,1.3070382524923171e-06,1.9594520286161194,"[[np.float64(-0.13683123168939845) np.float64(0.0)
  np.float64(-0.9905943741180656)]
 [np.float64(0.47774995147587584) np.float64(0.8760137356613963)
  np.float64(-0.06599180856260654)]
 [np.float64(0.8717191239611661) np.float64(-0.46650028139969824)
  np.float64(-0.14994417752743597)]]"
1,1,1.496501548305094,0.0034024687147136824,2.2508645806847096,1.2485389407404722e-06,5.684604366569919,"[[np.float64(-0.13683123168939845) np.float64(0.0)
  np.float64(-0.9905943741180656)]
 [np.float64(0.47774995147587584) np.float64(0.8760137356613963)
  np.float64(-0.06599180856260654)]
 [np.float64(0.8867839133163722) np.float64(-0.4194171403933568)
  np.float64(-0.194174028715377)]]"
1,2,6.388906070053029,0.0037302186027437702,2.439718286231589,1.1689482382305001e-06,2.9019187187867255,"[[np.float64(0.1946148444370814) np.float64(0.0)
  np.float64(-0.9808797389714656)]
 [np.float64(-0.7729982152618918) np.float64(0.6155904396231653)
  np.float64(-0.15336939018750692)]
 [np.float64(0.6368966934669996) np.float64(0.7658472572249195)
  np.float64(0.0885470521918747)]]"
1,2,3.6629585781334555,0.003363534900647472,2.319687911886611,1.2701466043586162e-06,1.284590599470432,"[[np.float64(0.1946148444370814) np.float64(0.0)
  np.float64(-0.9808797389714656)]
 [np.float64(-0.7729982152618918) np.float64(0.6155904396231653)
  np.float64(-0.15336939018750692)]
 [np.float64(0.5858678254770721) np.float64(0.8009019233751671)
  np.float64(0.12375378864796455)]]"
1,2,-3.0575269106650182,0.0037740218975632275,2.3386950155868145,1.2093367551849884e-06,7.649235514396484,"[[np.float64(0.1946148444370814) np.float64(0.0)
  np.float64(-0.9808797389714656)]
 [np.float64(-0.7729982152618918) np.float64(0.6155904396231653)
  np.float64(-0.15336939018750692)]
 [np.float64(0.5486509739655767) np.float64(0.8006804575920818)
  np.float64(0.24060946281632103)]]"
1,2,8.894739676169085,0.0035983291868098705,2.2858546858268274,1.1264133437545814e-06,5.483077253280367,"[[np.float64(0.1946148444370814) np.float64(0.0)
  np.float64(-0.9808797389714656)]
 [np.float64(-0.7729982152618918) np.float64(0.6155904396231653)
  np.float64(-0.15336939018750692)]
 [np.float64(0.6092304332911782) np.float64(0.764061641193262)
  np.float64(0.21224534767316347)]]"
1,2,0.7801693050963561,0.0033303673227222013,2.543647837759757,1.3517302272819755e-06,3.0867190890846112,"[[np.float64(0.1946148444370814) np.float64(0.0)
  np.float64(-0.9808797389714656)]
 [np.float64(-0.7729982152618918) np.float64(0.6155904396231653)
  np.float64(-0.15336939018750692)]
 [np.float64(0.6082886582665511) np.float64(0.7909504132613263)
  np.float64(0.06619933523847638)]]"
1,2,-6.12799102944491,0.003484799325903798,2.6688672998685625,1.292828223293288e-06,7.130653563630656,"[[np.float64(0.1946148444370814) np.float64(0.0)
  np.float64(-0.9808797389714656)]
 [np.float64(-0.7729982152618918) np.float64(0.6155904396231653)
  np.float64(-0.15336939018750692)]
 [np.float64(0.5142043726841484) np.float64(0.8360189018269568)
  np.float64(0.1914843568037618)]]"
1,2,-1.7779018824420376,0.0036693221332369337,2.3781911432820624,1.3386795805843647e-06,6.844490976825057,"[[np.float64(0.1946148444370814) np.float64(0.0)
  np.float64(-0.9808797389714656)]
 [np.float64(-0.7729982152618918) np.float64(0.6155904396231653)
  np.float64(-0.15336939018750692)]
 [np.float64(0.5180422118282368) np.float64(0.8342556908327508)
  np.float64(0.1888113054805719)]]"
1,2,7.866220367143768,0.003882320771095066,2.2345483080668473,1.324101987663163e-06,9.944365746008039,"[[np.float64(0.1946148444370814) np.float64(0.0)
  np.float64(-0.9808797389714656)]
 [np.float64(-0.7729982152618918) np.float64(0.6155904396231653)
  np.float64(-0.15336939018750692)]
 [np.float64(0.48417675883076405) np.float64(0.8744929290686687)
  np.float64(0.028896076152936254)]]"
1,2,9.84495057027113,0.0034286581213464925,2.521655560247508,1.236608328334625e-06,4.6543000171528375,"[[np.float64(0.1946148444370814) np.float64(0.0)
  np.float64(-0.9808797389714656)]
 [np.float64(-0.7729982152618918) np.float64(0.6155904396231653)
  np.float64(-0.15336939018750692)]
 [np.float64(0.558939953828146) np.float64(0.826715910127473)
  np.float64(0.06424120139516235)]]"
1,2,5.305305966342406,0.0038934565212212237,2.409269045493121,1.1880610966719637e-06,0.8396930621257952,"[[np.float64(0.1946148444370814) np.float64(0.0)
  np.float64(-0.9808797389714656)]
 [np.float64(-0.7729982152618918) np.float64(0.6155904396231653)
  np.float64(-0.15336939018750692)]
 [np.float64(0.6106971058654835) np.float64(0.784554435349578)
  np.float64(0.10734702073568307)]]"
1,2,-9.903314820662594,0.0033094446645775145,2.5562345251225316,1.1589918187145466e-06,9.052415500420674,"[[np.float64(0.1946148444370814) np.float64(0.0)
  np.float64(-0.9808797389714656)]
 [np.float64(-0.7729982152618918) np.float64(0.6155904396231653)
  np.float64(-0.15336939018750692)]
 [np.float64(0.4726643303502711) np.float64(0.8668685384550553)
  np.float64(0.15851614381925205)]]"
1,2,-2.7156421635982966,0.003788630390543269,2.2640954744947592,1.1471156799398873e-06,2.1796489428267103,"[[np.float64(0.1946148444370814) np.float64(0.0)
  np.float64(-0.9808797389714656)]
 [np.float64(-0.7729982152618918) np.float64(0.6155904396231653)
  np.float64(-0.15336939018750692)]
 [np.float64(0.6048704800428408) np.float64(0.792091601551901)
  np.float64(0.0819914454299212)]]"
1,2,-7.448506221127725,0.0034989650273189628,2.613512346902357,1.2010728645215974e-06,8.30125403897825,"[[np.float64(0.1946148444370814) np.float64(0.0)
  np.float64(-0.9808797389714656)]
 [np.float64(-0.7729982152618918) np.float64(0.6155904396231653)
  np.float64(-0.15336939018750692)]
 [np.float64(0.6161028607840674) np.float64(0.7872867476259319)
  np.float64(-0.024430348877376662)]]"
1,2,2.4531299799615525,0.003528446775707829,2.209930786339914,1.1433092893541062e-06,3.968751651728446,"[[np.float64(0.1946148444370814) np.float64(0.0)
  np.float64(-0.9808797389714656)]
 [np.float64(-0.7729982152618918) np.float64(0.6155904396231653)
  np.float64(-0.15336939018750692)]
 [np.float64(0.5864095654429241) np.float64(0.7881734514321931)
  np.float64(0.18683263102173847)]]"
1,2,-0.21566836670052147,0.0036891767972078693,2.473035782642206,1.227207974898915e-06,8.571279539520445,"[[np.float64(0.1946148444370814) np.float64(0.0)
  np.float64(-0.9808797389714656)]
 [np.float64(-0.7729982152618918) np.float64(0.6155904396231653)
  np.float64(-0.15336939018750692)]
 [np.float64(0.542343176012809) np.float64(0.8401350434775973)
  np.float64(-0.006081788654239334)]]"
1,2,4.711150043418614,0.0036098079673616244,2.3868774033899003,1.2616952519446973e-06,4.487370971107413,"[[np.float64(0.1946148444370814) np.float64(0.0)
  np.float64(-0.9808797389714656)]
 [np.float64(-0.7729982152618918) np.float64(0.6155904396231653)
  np.float64(-0.15336939018750692)]
 [np.float64(0.6603224471082351) np.float64(0.7377999992373375)
  np.float64(0.14009078117555285)]]"
1,2,-4.327211458665362,0.0038290916239211675,2.491423379448384,1.107267734187323e-06,6.357106132291532,"[[np.float64(0.1946148444370814) np.float64(0.0)
  np.float64(-0.9808797389714656)]
 [np.float64(-0.7729982152618918) np.float64(0.6155904396231653)
  np.float64(-0.15336939018750692)]
 [np.float64(0.6072542049108066) np.float64(0.7612815124587252)
  np.float64(0.22736048338860462)]]"
1,2,-8.110702798256533,0.003956408999457189,2.588456500179156,1.2877546368022088e-06,0.4880248954823181,"[[np.float64(0.1946148444370814) np.float64(0.0)
  np.float64(-0.9808797389714656)]
 [np.float64(-0.7729982152618918) np.float64(0.6155904396231653)
  np.float64(-0.15336939018750692)]
 [np.float64(0.6052682987978569) np.float64(0.78818654813861)
  np.float64(0.11141028589717633)]]"
1,2,-5.439930059101924,0.0032665338257392316,2.6299460888048,1.3070382524923171e-06,1.9594520286161194,"[[np.float64(0.1946148444370814) np.float64(0.0)
  np.float64(-0.9808797389714656)]
 [np.float64(-0.7729982152618918) np.float64(0.6155904396231653)
  np.float64(-0.15336939018750692)]
 [np.float64(0.6307046460976266) np.float64(0.7670216432279405)
  np.float64(0.11785350317566877)]]"
1,2,1.496501548305094,0.0034024687147136824,2.2508645806847096,1.2485389407404722e-06,5.684604366569919,"[[np.float64(0.1946148444370814) np.float64(0.0)
  np.float64(-0.9808797389714656)]
 [np.float64(-0.7729982152618918) np.float64(0.6155904396231653)
  np.float64(-0.15336939018750692)]
 [np.float64(0.5220290366030522) np.float64(0.844090202247218)
  np.float64(0.12246393515455731)]]"
1,3,6.388906070053029,0.0037302186027437702,2.439718286231589,1.1689482382305001e-06,2.9019187187867255,"[[np.float64(-0.2199693600134404) np.float64(0.0)
  np.float64(-0.975506781450174)]
 [np.float64(0.974037849057226) np.float64(0.05485765035355452)
  np.float64(-0.21963812693077597)]
 [np.float64(0.005231291549853613) np.float64(-0.9999813878868459)
  np.float64(0.003139660589628163)]]"
1,3,3.6629585781334555,0.003363534900647472,2.319687911886611,1.2701466043586162e-06,1.284590599470432,"[[np.float64(-0.2199693600134404) np.float64(0.0)
  np.float64(-0.975506781450174)]
 [np.float64(0.974037849057226) np.float64(0.05485765035355452)
  np.float64(-0.21963812693077597)]
 [np.float64(0.03129903908843851) np.float64(-0.9994676881469741)
  np.float64(-0.009203830848260517)]]"
1,3,-3.0575269106650182,0.0037740218975632275,2.3386950155868145,1.2093367551849884e-06,7.649235514396484,"[[np.float64(-0.2199693600134404) np.float64(0.0)
  np.float64(-0.975506781450174)]
 [np.float64(0.974037849057226) np.float64(0.05485765035355452)
  np.float64(-0.21963812693077597)]
 [np.float64(0.11794656732274636) np.float64(-0.9875345324536485)
  np.float64(0.10423125475755696)]]"
1,3,8.894739676169085,0.0035983291868098705,2.2858546858268274,1.1264133437545814e-06,5.483077253280367,"[[np.float64(-0.2199693600134404) np.float64(0.0)
  np.float64(-0.975506781450174)]
 [np.float64(0.974037849057226) np.float64(0.05485765035355452)
  np.float64(-0.21963812693077597)]
 [np.float64(0.08107377666846087) np.float64(-0.9913310123679206)
  np.float64(-0.10339181135034888)]]"
1,3,0.7801693050963561,0.0033303673227222013,2.543647837759757,1.3517302272819755e-06,3.0867190890846112,"[[np.float64(-0.2199693600134404) np.float64(0.0)
  np.float64(-0.975506781450174)]
 [np.float64(0.974037849057226) np.float64(0.05485765035355452)
  np.float64(-0.21963812693077597)]
 [np.float64(0.033707023377273486) np.float64(-0.9974974597431427)
  np.float64(-0.06215025648395464)]]"
1,3,-6.12799102944491,0.003484799325903798,2.6688672998685625,1.292828223293288e-06,7.130653563630656,"[[np.float64(-0.2199693600134404) np.float64(0.0)
  np.float64(-0.975506781450174)]
 [np.float64(0.974037849057226) np.float64(0.05485765035355452)
  np.float64(-0.21963812693077597)]
 [np.float64(0.06430943671111154) np.float64(-0.9886769187594844)
  np.float64(-0.1355811441984159)]]"
1,3,-1.7779018824420376,0.0036693221332369337,2.3781911432820624,1.3386795805843647e-06,6.844490976825057,"[[np.float64(-0.2199693600134404) np.float64(0.0)
  np.float64(-0.975506781450174)]
 [np.float64(0.974037849057226) np.float64(0.05485765035355452)
  np.float64(-0.21963812693077597)]
 [np.float64(0.13858891764549608) np.float64(-0.9857965820720483)
  np.float64(-0.0948588987966721)]]"
1,3,7.866220367143768,0.003882320771095066,2.2345483080668473,1.324101987663163e-06,9.944365746008039,"[[np.float64(-0.2199693600134404) np.float64(0.0)
  np.float64(-0.975506781450174)]
 [np.float64(0.974037849057226) np.float64(0.05485765035355452)
  np.float64(-0.21963812693077597)]
 [np.float64(0.16626953115534399) np.float64(-0.9789778901570431)
  np.float64(0.11813862024353715)]]"
1,3,9.84495057027113,0.0034286581213464925,2.521655560247508,1.236608328334625e-06,4.6543000171528375,"[[np.float64(-0.2199693600134404) np.float64(0.0)
  np.float64(-0.975506781450174)]
 [np.float64(0.974037849057226) np.float64(0.05485765035355452)
  np.float64(-0.21963812693077597)]
 [np.float64(0.09537643574602278) np.float64(-0.9937871087282173)
  np.float64(0.057363037140612645)]]"
1,3,5.305305966342406,0.0038934565212212237,2.409269045493121,1.1880610966719637e-06,0.8396930621257952,"[[np.float64(-0.2199693600134404) np.float64(0.0)
  np.float64(-0.975506781450174)]
 [np.float64(0.974037849057226) np.float64(0.05485765035355452)
  np.float64(-0.21963812693077597)]
 [np.float64(0.049344728752027237) np.float64(-0.9984402939925338)
  np.float64(-0.026116605378415356)]]"
1,3,-9.903314820662594,0.0033094446645775145,2.5562345251225316,1.1589918187145466e-06,9.052415500420674,"[[np.float64(-0.2199693600134404) np.float64(0.0)
  np.float64(-0.975506781450174)]
 [np.float64(0.974037849057226) np.float64(0.05485765035355452)
  np.float64(-0.21963812693077597)]
 [np.float64(0.1642876948605354) np.float64(-0.9787457730928019)
  np.float64(-0.12274471463319814)]]"
1,3,-2.7156421635982966,0.003788630390543269,2.2640954744947592,1.1471156799398873e-06,2.1796489428267103,"[[np.float64(-0.2199693600134404) np.float64(0.0)
  np.float64(-0.975506781450174)]
 [np.float64(0.974037849057226) np.float64(0.05485765035355452)
  np.float64(-0.21963812693077597)]
 [np.float64(0.04756678483198175) np.float64(-0.9976343765427734)
  np.float64(-0.04962914185092898)]]"
1,3,-7.448506221127725,0.0034989650273189628,2.613512346902357,1.2010728645215974e-06,8.30125403897825,"[[np.float64(-0.2199693600134404) np.float64(0.0)
  np.float64(-0.975506781450174)]
 [np.float64(0.974037849057226) np.float64(0.05485765035355452)
  np.float64(-0.21963812693077597)]
 [np.float64(-0.07705518081982053) np.float64(-0.9942452374844435)
  np.float64(-0.07442383252915334)]]"
1,3,2.4531299799615525,0.003528446775707829,2.209930786339914,1.1433092893541062e-06,3.968751651728446,"[[np.float64(-0.2199693600134404) np.float64(0.0)
  np.float64(-0.975506781450174)]
 [np.float64(0.974037849057226) np.float64(0.05485765035355452)
  np.float64(-0.21963812693077597)]
 [np.float64(-0.0038563850055697013) np.float64(-0.9996358594373136)
  np.float64(0.02670724286991108)]]"
1,3,-0.21566836670052147,0.0036891767972078693,2.473035782642206,1.227207974898915e-06,8.571279539520445,"[[np.float64(-0.2199693600134404) np.float64(0.0)
  np.float64(-0.975506781450174)]
 [np.float64(0.974037849057226) np.float64(0.05485765035355452)
  np.float64(-0.21963812693077597)]
 [np.float64(-0.07990367664532808) np.float64(-0.9936470965765144)
  np.float64(-0.07925181337749895)]]"
1,3,4.711150043418614,0.0036098079673616244,2.3868774033899003,1.2616952519446973e-06,4.487370971107413,"[[np.float64(-0.2199693600134404) np.float64(0.0)
  np.float64(-0.975506781450174)]
 [np.float64(0.974037849057226) np.float64(0.05485765035355452)
  np.float64(-0.21963812693077597)]
 [np.float64(0.08630656099125536) np.float64(-0.9945245956595873)
  np.float64(0.058923731704611945)]]"
1,3,-4.327211458665362,0.0038290916239211675,2.491423379448384,1.107267734187323e-06,6.357106132291532,"[[np.float64(-0.2199693600134404) np.float64(0.0)
  np.float64(-0.975506781450174)]
 [np.float64(0.974037849057226) np.float64(0.05485765035355452)
  np.float64(-0.21963812693077597)]
 [np.float64(0.036586775932668895) np.float64(-0.9919211076604714)
  np.float64(-0.12146573181139009)]]"
1,3,-8.110702798256533,0.003956408999457189,2.588456500179156,1.2877546368022088e-06,0.4880248954823181,"[[np.float64(-0.2199693600134404) np.float64(0.0)
  np.float64(-0.975506781450174)]
 [np.float64(0.974037849057226) np.float64(0.05485765035355452)
  np.float64(-0.21963812693077597)]
 [np.float64(0.0515555559390663) np.float64(-0.9984626401563371)
  np.float64(-0.02035634701636787)]]"
1,3,-5.439930059101924,0.0032665338257392316,2.6299460888048,1.3070382524923171e-06,1.9594520286161194,"[[np.float64(-0.2199693600134404) np.float64(0.0)
  np.float64(-0.975506781450174)]
 [np.float64(0.974037849057226) np.float64(0.05485765035355452)
  np.float64(-0.21963812693077597)]
 [np.float64(0.05010537884302829) np.float64(-0.9985024852577498)
  np.float64(0.021959916782488473)]]"
1,3,1.496501548305094,0.0034024687147136824,2.2508645806847096,1.2485389407404722e-06,5.684604366569919,"[[np.float64(-0.2199693600134404) np.float64(0.0)
  np.float64(-0.975506781450174)]
 [np.float64(0.974037849057226) np.float64(0.05485765035355452)
  np.float64(-0.21963812693077597)]
 [np.float64(0.016621892084840356) np.float64(-0.9966585216304721)
  np.float64(0.07997189484363802)]]"
2,1,6.388906070053029,0.0037302186027437702,2.439718286231589,1.1689482382305001e-06,2.9019187187867255,"[[np.float64(-0.20871170088592406) np.float64(0.0)
  np.float64(-0.9779772113466166)]
 [np.float64(0.8333697772054802) np.float64(0.5233200831919421)
  np.float64(-0.17785079411818044)]
 [np.float64(0.5537093176433727) np.float64(-0.8272077524329218)
  np.float64(-0.09556843553069586)]]"
2,1,3.6629585781334555,0.003363534900647472,2.319687911886611,1.2701466043586162e-06,1.284590599470432,"[[np.float64(-0.20871170088592406) np.float64(0.0)
  np.float64(-0.9779772113466166)]
 [np.float64(0.8333697772054802) np.float64(0.5233200831919421)
  np.float64(-0.17785079411818044)]
 [np.float64(0.4935278375707292) np.float64(-0.8635983379924596)
  np.float64(-0.10309308492533122)]]"
2,1,-3.0575269106650182,0.0037740218975632275,2.3386950155868145,1.2093367551849884e-06,7.649235514396484,"[[np.float64(-0.20871170088592406) np.float64(0.0)
  np.float64(-0.9779772113466166)]
 [np.float64(0.8333697772054802) np.float64(0.5233200831919421)
  np.float64(-0.17785079411818044)]
 [np.float64(0.4241971336830237) np.float64(-0.8819894572037136)
  np.float64(-0.2053080348077144)]]"
2,1,8.894739676169085,0.0035983291868098705,2.2858546858268274,1.1264133437545814e-06,5.483077253280367,"[[np.float64(-0.20871170088592406) np.float64(0.0)
  np.float64(-0.9779772113466166)]
 [np.float64(0.8333697772054802) np.float64(0.5233200831919421)
  np.float64(-0.17785079411818044)]
 [np.float64(0.5515469597079116) np.float64(-0.8337936648017975)
  np.float64(-0.024167659658047166)]]"
2,1,0.7801693050963561,0.0033303673227222013,2.543647837759757,1.3517302272819755e-06,3.0867190890846112,"[[np.float64(-0.20871170088592406) np.float64(0.0)
  np.float64(-0.9779772113466166)]
 [np.float64(0.8333697772054802) np.float64(0.5233200831919421)
  np.float64(-0.17785079411818044)]
 [np.float64(0.5531433901844112) np.float64(-0.8288691171946927)
  np.float64(-0.08371604658718243)]]"
2,1,-6.12799102944491,0.003484799325903798,2.6688672998685625,1.292828223293288e-06,7.130653563630656,"[[np.float64(-0.20871170088592406) np.float64(0.0)
  np.float64(-0.9779772113466166)]
 [np.float64(0.8333697772054802) np.float64(0.5233200831919421)
  np.float64(-0.17785079411818044)]
 [np.float64(0.40866805719865396) np.float64(-0.8983395336431808)
  np.float64(-0.16117227217865499)]]"
2,1,-1.7779018824420376,0.0036693221332369337,2.3781911432820624,1.3386795805843647e-06,6.844490976825057,"[[np.float64(-0.20871170088592406) np.float64(0.0)
  np.float64(-0.9779772113466166)]
 [np.float64(0.8333697772054802) np.float64(0.5233200831919421)
  np.float64(-0.17785079411818044)]
 [np.float64(0.5437535315249818) np.float64(-0.8108183099595411)
  np.float64(-0.21657738845148233)]]"
2,1,7.866220367143768,0.003882320771095066,2.2345483080668473,1.324101987663163e-06,9.944365746008039,"[[np.float64(-0.20871170088592406) np.float64(0.0)
  np.float64(-0.9779772113466166)]
 [np.float64(0.8333697772054802) np.float64(0.5233200831919421)
  np.float64(-0.17785079411818044)]
 [np.float64(0.35788759760645805) np.float64(-0.9294510547708468)
  np.float64(-0.08965045602136278)]]"
2,1,9.84495057027113,0.0034286581213464925,2.521655560247508,1.236608328334625e-06,4.6543000171528375,"[[np.float64(-0.20871170088592406) np.float64(0.0)
  np.float64(-0.9779772113466166)]
 [np.float64(0.8333697772054802) np.float64(0.5233200831919421)
  np.float64(-0.17785079411818044)]
 [np.float64(0.5609013911743309) np.float64(-0.8263779231524541)
  np.float64(-0.04989145723404799)]]"
2,1,5.305305966342406,0.0038934565212212237,2.409269045493121,1.1880610966719637e-06,0.8396930621257952,"[[np.float64(-0.20871170088592406) np.float64(0.0)
  np.float64(-0.9779772113466166)]
 [np.float64(0.8333697772054802) np.float64(0.5233200831919421)
  np.float64(-0.17785079411818044)]
 [np.float64(0.5007181123371351) np.float64(-0.8594580227393182)
  np.float64(-0.10302077036480621)]]"
2,1,-9.903314820662594,0.0033094446645775145,2.5562345251225316,1.1589918187145466e-06,9.052415500420674,"[[np.float64(-0.20871170088592406) np.float64(0.0)
  np.float64(-0.9779772113466166)]
 [np.float64(0.8333697772054802) np.float64(0.5233200831919421)
  np.float64(-0.17785079411818044)]
 [np.float64(0.5836031841010678) np.float64(-0.7790073235865076)
  np.float64(-0.2292485840865357)]]"
2,1,-2.7156421635982966,0.003788630390543269,2.2640954744947592,1.1471156799398873e-06,2.1796489428267103,"[[np.float64(-0.20871170088592406) np.float64(0.0)
  np.float64(-0.9779772113466166)]
 [np.float64(0.8333697772054802) np.float64(0.5233200831919421)
  np.float64(-0.17785079411818044)]
 [np.float64(0.48282052609718734) np.float64(-0.8707588651763601)
  np.float64(-0.0930770556905017)]]"
2,1,-7.448506221127725,0.0034989650273189628,2.613512346902357,1.2010728645215974e-06,8.30125403897825,"[[np.float64(-0.20871170088592406) np.float64(0.0)
  np.float64(-0.9779772113466166)]
 [np.float64(0.8333697772054802) np.float64(0.5233200831919421)
  np.float64(-0.17785079411818044)]
 [np.float64(0.39237066333552345) np.float64(-0.9178183628147496)
  np.float64(-0.06045424247887067)]]"
2,1,2.4531299799615525,0.003528446775707829,2.209930786339914,1.1433092893541062e-06,3.968751651728446,"[[np.float64(-0.20871170088592406) np.float64(0.0)
  np.float64(-0.9779772113466166)]
 [np.float64(0.8333697772054802) np.float64(0.5233200831919421)
  np.float64(-0.17785079411818044)]
 [np.float64(0.5097722555375809) np.float64(-0.8417642461649217)
  np.float64(-0.17766598256990085)]]"
2,1,-0.21566836670052147,0.0036891767972078693,2.473035782642206,1.227207974898915e-06,8.571279539520445,"[[np.float64(-0.20871170088592406) np.float64(0.0)
  np.float64(-0.9779772113466166)]
 [np.float64(0.8333697772054802) np.float64(0.5233200831919421)
  np.float64(-0.17785079411818044)]
 [np.float64(0.4192047710448693) np.float64(-0.8800327706250376)
  np.float64(-0.22318082928253224)]]"
2,1,4.711150043418614,0.0036098079673616244,2.3868774033899003,1.2616952519446973e-06,4.487370971107413,"[[np.float64(-0.20871170088592406) np.float64(0.0)
  np.float64(-0.9779772113466166)]
 [np.float64(0.8333697772054802) np.float64(0.5233200831919421)
  np.float64(-0.17785079411818044)]
 [np.float64(0.5680877027567379) np.float64(-0.8203960217433611)
  np.float64(-0.06501330236373798)]]"
2,1,-4.327211458665362,0.0038290916239211675,2.491423379448384,1.107267734187323e-06,6.357106132291532,"[[np.float64(-0.20871170088592406) np.float64(0.0)
  np.float64(-0.9779772113466166)]
 [np.float64(0.8333697772054802) np.float64(0.5233200831919421)
  np.float64(-0.17785079411818044)]
 [np.float64(0.4857807904738459) np.float64(-0.846744415202018)
  np.float64(-0.21688918583183958)]]"
2,1,-8.110702798256533,0.003956408999457189,2.588456500179156,1.2877546368022088e-06,0.4880248954823181,"[[np.float64(-0.20871170088592406) np.float64(0.0)
  np.float64(-0.9779772113466166)]
 [np.float64(0.8333697772054802) np.float64(0.5233200831919421)
  np.float64(-0.17785079411818044)]
 [np.float64(0.5173500902704233) np.float64(-0.8495135693980499)
  np.float64(-0.10332269598577737)]]"
2,1,-5.439930059101924,0.0032665338257392316,2.6299460888048,1.3070382524923171e-06,1.9594520286161194,"[[np.float64(-0.20871170088592406) np.float64(0.0)
  np.float64(-0.9779772113466166)]
 [np.float64(0.8333697772054802) np.float64(0.5233200831919421)
  np.float64(-0.17785079411818044)]
 [np.float64(0.5407551255075966) np.float64(-0.8347339364618)
  np.float64(-0.1039382006590979)]]"
2,1,1.496501548305094,0.0034024687147136824,2.2508645806847096,1.2485389407404722e-06,5.684604366569919,"[[np.float64(-0.20871170088592406) np.float64(0.0)
  np.float64(-0.9779772113466166)]
 [np.float64(0.8333697772054802) np.float64(0.5233200831919421)
  np.float64(-0.17785079411818044)]
 [np.float64(0.5725301630986048) np.float64(-0.8189946386604781)
  np.float64(-0.03817059323193836)]]"
2,2,6.388906070053029,0.0037302186027437702,2.439718286231589,1.1689482382305001e-06,2.9019187187867255,"[[np.float64(0.12783661057818824) np.float64(0.0)
  np.float64(-0.991795241466645)]
 [np.float64(-0.3731816883971697) np.float64(0.9265105110764918)
  np.float64(-0.04810093876231224)]
 [np.float64(0.9093206888715734) np.float64(0.40825997958078325)
  np.float64(0.0803720962948335)]]"
2,2,3.6629585781334555,0.003363534900647472,2.319687911886611,1.2701466043586162e-06,1.284590599470432,"[[np.float64(0.12783661057818824) np.float64(0.0)
  np.float64(-0.991795241466645)]
 [np.float64(-0.3731816883971697) np.float64(0.9265105110764918)
  np.float64(-0.04810093876231224)]
 [np.float64(0.9184031602968169) np.float64(0.3835125253874196)
  np.float64(0.09723054061241948)]]"
2,2,-3.0575269106650182,0.0037740218975632275,2.3386950155868145,1.2093367551849884e-06,7.649235514396484,"[[np.float64(0.12783661057818824) np.float64(0.0)
  np.float64(-0.991795241466645)]
 [np.float64(-0.3731816883971697) np.float64(0.9265105110764918)
  np.float64(-0.04810093876231224)]
 [np.float64(0.9570020150833557) np.float64(0.28900144394782773)
  np.float64(0.02500616968805057)]]"
2,2,8.894739676169085,0.0035983291868098705,2.2858546858268274,1.1264133437545814e-06,5.483077253280367,"[[np.float64(0.12783661057818824) np.float64(0.0)
  np.float64(-0.991795241466645)]
 [np.float64(-0.3731816883971697) np.float64(0.9265105110764918)
  np.float64(-0.04810093876231224)]
 [np.float64(0.8784099264008632) np.float64(0.46293408758305754)
  np.float64(0.11869301476528543)]]"
2,2,0.7801693050963561,0.0033303673227222013,2.543647837759757,1.3517302272819755e-06,3.0867190890846112,"[[np.float64(0.12783661057818824) np.float64(0.0)
  np.float64(-0.991795241466645)]
 [np.float64(-0.3731816883971697) np.float64(0.9265105110764918)
  np.float64(-0.04810093876231224)]
 [np.float64(0.9381017635129975) np.float64(0.33427337682168046)
  np.float64(0.09069945337230659)]]"
2,2,-6.12799102944491,0.003484799325903798,2.6688672998685625,1.292828223293288e-06,7.130653563630656,"[[np.float64(0.12783661057818824) np.float64(0.0)
  np.float64(-0.991795241466645)]
 [np.float64(-0.3731816883971697) np.float64(0.9265105110764918)
  np.float64(-0.04810093876231224)]
 [np.float64(0.8634494679631662) np.float64(0.48668243471533335)
  np.float64(0.13264699021719534)]]"
2,2,-1.7779018824420376,0.0036693221332369337,2.3781911432820624,1.3386795805843647e-06,6.844490976825057,"[[np.float64(0.12783661057818824) np.float64(0.0)
  np.float64(-0.991795241466645)]
 [np.float64(-0.3731816883971697) np.float64(0.9265105110764918)
  np.float64(-0.04810093876231224)]
 [np.float64(0.9543636361034356) np.float64(0.29632510417790253)
  np.float64(0.03716830258950185)]]"
2,2,7.866220367143768,0.003882320771095066,2.2345483080668473,1.324101987663163e-06,9.944365746008039,"[[np.float64(0.12783661057818824) np.float64(0.0)
  np.float64(-0.991795241466645)]
 [np.float64(-0.3731816883971697) np.float64(0.9265105110764918)
  np.float64(-0.04810093876231224)]
 [np.float64(0.9565417708924361) np.float64(0.22232476152322297)
  np.float64(0.18867840616139575)]]"
2,2,9.84495057027113,0.0034286581213464925,2.521655560247508,1.236608328334625e-06,4.6543000171528375,"[[np.float64(0.12783661057818824) np.float64(0.0)
  np.float64(-0.991795241466645)]
 [np.float64(-0.3731816883971697) np.float64(0.9265105110764918)
  np.float64(-0.04810093876231224)]
 [np.float64(0.8882268280798047) np.float64(0.44874192245796163)
  np.float64(0.09840624425320799)]]"
2,2,5.305305966342406,0.0038934565212212237,2.409269045493121,1.1880610966719637e-06,0.8396930621257952,"[[np.float64(0.12783661057818824) np.float64(0.0)
  np.float64(-0.991795241466645)]
 [np.float64(-0.3731816883971697) np.float64(0.9265105110764918)
  np.float64(-0.04810093876231224)]
 [np.float64(0.9136571486157508) np.float64(0.38568355831546525)
  np.float64(0.12836980808763934)]]"
2,2,-9.903314820662594,0.0033094446645775145,2.5562345251225316,1.1589918187145466e-06,9.052415500420674,"[[np.float64(0.12783661057818824) np.float64(0.0)
  np.float64(-0.991795241466645)]
 [np.float64(-0.3731816883971697) np.float64(0.9265105110764918)
  np.float64(-0.04810093876231224)]
 [np.float64(0.8735033667053758) np.float64(0.48658383120401105)
  np.float64(0.015101111389581007)]]"
2,2,-2.7156421635982966,0.003788630390543269,2.2640954744947592,1.1471156799398873e-06,2.1796489428267103,"[[np.float64(0.12783661057818824) np.float64(0.0)
  np.float64(-0.991795241466645)]
 [np.float64(-0.3731816883971697) np.float64(0.9265105110764918)
  np.float64(-0.04810093876231224)]
 [np.float64(0.9072078234291564) np.float64(0.3927828054709402)
  np.float64(0.15065069809101594)]]"
2,2,-7.448506221127725,0.0034989650273189628,2.613512346902357,1.2010728645215974e-06,8.30125403897825,"[[np.float64(0.12783661057818824) np.float64(0.0)
  np.float64(-0.991795241466645)]
 [np.float64(-0.3731816883971697) np.float64(0.9265105110764918)
  np.float64(-0.04810093876231224)]
 [np.float64(0.8910814768083711) np.float64(0.3716883289242257)
  np.float64(0.26042578180842507)]]"
2,2,2.4531299799615525,0.003528446775707829,2.209930786339914,1.1433092893541062e-06,3.968751651728446,"[[np.float64(0.12783661057818824) np.float64(0.0)
  np.float64(-0.991795241466645)]
 [np.float64(-0.3731816883971697) np.float64(0.9265105110764918)
  np.float64(-0.04810093876231224)]
 [np.float64(0.8894390236447433) np.float64(0.43702041241624046)
  np.float64(0.13383341267943905)]]"
2,2,-0.21566836670052147,0.0036891767972078693,2.473035782642206,1.227207974898915e-06,8.571279539520445,"[[np.float64(0.12783661057818824) np.float64(0.0)
  np.float64(-0.991795241466645)]
 [np.float64(-0.3731816883971697) np.float64(0.9265105110764918)
  np.float64(-0.04810093876231224)]
 [np.float64(0.9344603529745328) np.float64(0.35491172932070336)
  np.float64(-0.028662049984250676)]]"
2,2,4.711150043418614,0.0036098079673616244,2.3868774033899003,1.2616952519446973e-06,4.487370971107413,"[[np.float64(0.12783661057818824) np.float64(0.0)
  np.float64(-0.991795241466645)]
 [np.float64(-0.3731816883971697) np.float64(0.9265105110764918)
  np.float64(-0.04810093876231224)]
 [np.float64(0.9031449301146658) np.float64(0.38255864657791233)
  np.float64(0.1948797504530721)]]"
2,2,-4.327211458665362,0.0038290916239211675,2.491423379448384,1.107267734187323e-06,6.357106132291532,"[[np.float64(0.12783661057818824) np.float64(0.0)
  np.float64(-0.991795241466645)]
 [np.float64(-0.3731816883971697) np.float64(0.9265105110764918)
  np.float64(-0.04810093876231224)]
 [np.float64(0.8732722432075364) np.float64(0.4494275046102534)
  np.float64(0.18817679809976207)]]"
2,2,-8.110702798256533,0.003956408999457189,2.588456500179156,1.2877546368022088e-06,0.4880248954823181,"[[np.float64(0.12783661057818824) np.float64(0.0)
  np.float64(-0.991795241466645)]
 [np.float64(-0.3731816883971697) np.float64(0.9265105110764918)
  np.float64(-0.04810093876231224)]
 [np.float64(0.9194085484795439) np.float64(0.37759558105791846)
  np.float64(0.11004316493209056)]]"
2,2,-5.439930059101924,0.0032665338257392316,2.6299460888048,1.3070382524923171e-06,1.9594520286161194,"[[np.float64(0.12783661057818824) np.float64(0.0)
  np.float64(-0.991795241466645)]
 [np.float64(-0.3731816883971697) np.float64(0.9265105110764918)
  np.float64(-0.04810093876231224)]
 [np.float64(0.9181972502922213) np.float64(0.3867014010280387)
  np.float64(0.08588268742159799)]]"
2,2,1.496501548305094,0.0034024687147136824,2.2508645806847096,1.2485389407404722e-06,5.684604366569919,"[[np.float64(0.12783661057818824) np.float64(0.0)
  np.float64(-0.991795241466645)]
 [np.float64(-0.3731816883971697) np.float64(0.9265105110764918)
  np.float64(-0.04810093876231224)]
 [np.float64(0.875320766966548) np.float64(0.4607905465423503)
  np.float64(0.1465797637271138)]]"
2,3,6.388906070053029,0.0037302186027437702,2.439718286231589,1.1689482382305001e-06,2.9019187187867255,"[[np.float64(-0.026864206014827273) np.float64(0.0)
  np.float64(0.9996390920903369)]
 [np.float64(-0.8930226972934251) np.float64(0.4493712382593142)
  np.float64(-0.023999007147510906)]
 [np.float64(-0.4853846588688569) np.float64(-0.8741214986425891)
  np.float64(0.017701371291440726)]]"
2,3,3.6629585781334555,0.003363534900647472,2.319687911886611,1.2701466043586162e-06,1.284590599470432,"[[np.float64(-0.026864206014827273) np.float64(0.0)
  np.float64(0.9996390920903369)]
 [np.float64(-0.8930226972934251) np.float64(0.4493712382593142)
  np.float64(-0.023999007147510906)]
 [np.float64(-0.46705145785916446) np.float64(-0.8839593760521116)
  np.float64(-0.021880521044765466)]]"
2,3,-3.0575269106650182,0.0037740218975632275,2.3386950155868145,1.2093367551849884e-06,7.649235514396484,"[[np.float64(-0.026864206014827273) np.float64(0.0)
  np.float64(0.9996390920903369)]
 [np.float64(-0.8930226972934251) np.float64(0.4493712382593142)
  np.float64(-0.023999007147510906)]
 [np.float64(-0.3279682368500592) np.float64(-0.9446407436211179)
  np.float64(0.00952371295266791)]]"
2,3,8.894739676169085,0.0035983291868098705,2.2858546858268274,1.1264133437545814e-06,5.483077253280367,"[[np.float64(-0.026864206014827273) np.float64(0.0)
  np.float64(0.9996390920903369)]
 [np.float64(-0.8930226972934251) np.float64(0.4493712382593142)
  np.float64(-0.023999007147510906)]
 [np.float64(-0.3636110890944064) np.float64(-0.9309928127609807)
  np.float64(-0.03223908303561443)]]"
2,3,0.7801693050963561,0.0033303673227222013,2.543647837759757,1.3517302272819755e-06,3.0867190890846112,"[[np.float64(-0.026864206014827273) np.float64(0.0)
  np.float64(0.9996390920903369)]
 [np.float64(-0.8930226972934251) np.float64(0.4493712382593142)
  np.float64(-0.023999007147510906)]
 [np.float64(-0.48121151436257614) np.float64(-0.8750979090486977)
  np.float64(-0.05137244420380948)]]"
2,3,-6.12799102944491,0.003484799325903798,2.6688672998685625,1.292828223293288e-06,7.130653563630656,"[[np.float64(-0.026864206014827273) np.float64(0.0)
  np.float64(0.9996390920903369)]
 [np.float64(-0.8930226972934251) np.float64(0.4493712382593142)
  np.float64(-0.023999007147510906)]
 [np.float64(-0.3437945764145572) np.float64(-0.9370252728435691)
  np.float64(-0.061554262893565116)]]"
2,3,-1.7779018824420376,0.0036693221332369337,2.3781911432820624,1.3386795805843647e-06,6.844490976825057,"[[np.float64(-0.026864206014827273) np.float64(0.0)
  np.float64(0.9996390920903369)]
 [np.float64(-0.8930226972934251) np.float64(0.4493712382593142)
  np.float64(-0.023999007147510906)]
 [np.float64(-0.36242660851181324) np.float64(-0.928001055784198)
  np.float64(-0.08637704501798185)]]"
2,3,7.866220367143768,0.003882320771095066,2.2345483080668473,1.324101987663163e-06,9.944365746008039,"[[np.float64(-0.026864206014827273) np.float64(0.0)
  np.float64(0.9996390920903369)]
 [np.float64(-0.8930226972934251) np.float64(0.4493712382593142)
  np.float64(-0.023999007147510906)]
 [np.float64(-0.4981779933136293) np.float64(-0.8540873186675166)
  np.float64(0.1495109998272274)]]"
2,3,9.84495057027113,0.0034286581213464925,2.521655560247508,1.236608328334625e-06,4.6543000171528375,"[[np.float64(-0.026864206014827273) np.float64(0.0)
  np.float64(0.9996390920903369)]
 [np.float64(-0.8930226972934251) np.float64(0.4493712382593142)
  np.float64(-0.023999007147510906)]
 [np.float64(-0.4146649910571796) np.float64(-0.9079972131103651)
  np.float64(0.05995003065353056)]]"
2,3,5.305305966342406,0.0038934565212212237,2.409269045493121,1.1880610966719637e-06,0.8396930621257952,"[[np.float64(-0.026864206014827273) np.float64(0.0)
  np.float64(0.9996390920903369)]
 [np.float64(-0.8930226972934251) np.float64(0.4493712382593142)
  np.float64(-0.023999007147510906)]
 [np.float64(-0.45570552589078067) np.float64(-0.8901303449925146)
  np.float64(0.0006652789745570861)]]"
2,3,-9.903314820662594,0.0033094446645775145,2.5562345251225316,1.1589918187145466e-06,9.052415500420674,"[[np.float64(-0.026864206014827273) np.float64(0.0)
  np.float64(0.9996390920903369)]
 [np.float64(-0.8930226972934251) np.float64(0.4493712382593142)
  np.float64(-0.023999007147510906)]
 [np.float64(-0.30842788814328304) np.float64(-0.9507655855101453)
  np.float64(0.03028265551474548)]]"
2,3,-2.7156421635982966,0.003788630390543269,2.2640954744947592,1.1471156799398873e-06,2.1796489428267103,"[[np.float64(-0.026864206014827273) np.float64(0.0)
  np.float64(0.9996390920903369)]
 [np.float64(-0.8930226972934251) np.float64(0.4493712382593142)
  np.float64(-0.023999007147510906)]
 [np.float64(-0.4149474014720204) np.float64(-0.9097345056226305)
  np.float64(-0.014205044567543786)]]"
2,3,-7.448506221127725,0.0034989650273189628,2.613512346902357,1.2010728645215974e-06,8.30125403897825,"[[np.float64(-0.026864206014827273) np.float64(0.0)
  np.float64(0.9996390920903369)]
 [np.float64(-0.8930226972934251) np.float64(0.4493712382593142)
  np.float64(-0.023999007147510906)]
 [np.float64(-0.31762563697588375) np.float64(-0.9481239985372252)
  np.float64(0.013222637159350351)]]"
2,3,2.4531299799615525,0.003528446775707829,2.209930786339914,1.1433092893541062e-06,3.968751651728446,"[[np.float64(-0.026864206014827273) np.float64(0.0)
  np.float64(0.9996390920903369)]
 [np.float64(-0.8930226972934251) np.float64(0.4493712382593142)
  np.float64(-0.023999007147510906)]
 [np.float64(-0.41136494966826337) np.float64(-0.9089353493354165)
  np.float64(-0.06793680087354237)]]"
2,3,-0.21566836670052147,0.0036891767972078693,2.473035782642206,1.227207974898915e-06,8.571279539520445,"[[np.float64(-0.026864206014827273) np.float64(0.0)
  np.float64(0.9996390920903369)]
 [np.float64(-0.8930226972934251) np.float64(0.4493712382593142)
  np.float64(-0.023999007147510906)]
 [np.float64(-0.3117820103168384) np.float64(-0.9501491818920175)
  np.float64(0.002917223460899062)]]"
2,3,4.711150043418614,0.0036098079673616244,2.3868774033899003,1.2616952519446973e-06,4.487370971107413,"[[np.float64(-0.026864206014827273) np.float64(0.0)
  np.float64(0.9996390920903369)]
 [np.float64(-0.8930226972934251) np.float64(0.4493712382593142)
  np.float64(-0.023999007147510906)]
 [np.float64(-0.4010230826021618) np.float64(-0.9133546077531578)
  np.float64(-0.07045457910125504)]]"
2,3,-4.327211458665362,0.0038290916239211675,2.491423379448384,1.107267734187323e-06,6.357106132291532,"[[np.float64(-0.026864206014827273) np.float64(0.0)
  np.float64(0.9996390920903369)]
 [np.float64(-0.8930226972934251) np.float64(0.4493712382593142)
  np.float64(-0.023999007147510906)]
 [np.float64(-0.3543444186928441) np.float64(-0.9336103448587094)
  np.float64(-0.05302600224448441)]]"
2,3,-8.110702798256533,0.003956408999457189,2.588456500179156,1.2877546368022088e-06,0.4880248954823181,"[[np.float64(-0.026864206014827273) np.float64(0.0)
  np.float64(0.9996390920903369)]
 [np.float64(-0.8930226972934251) np.float64(0.4493712382593142)
  np.float64(-0.023999007147510906)]
 [np.float64(-0.4436405741085244) np.float64(-0.8961827603437341)
  np.float64(-0.006284987457736748)]]"
2,3,-5.439930059101924,0.0032665338257392316,2.6299460888048,1.3070382524923171e-06,1.9594520286161194,"[[np.float64(-0.026864206014827273) np.float64(0.0)
  np.float64(0.9996390920903369)]
 [np.float64(-0.8930226972934251) np.float64(0.4493712382593142)
  np.float64(-0.023999007147510906)]
 [np.float64(-0.45630543971334453) np.float64(-0.889571408873015)
  np.float64(0.021167290891616404)]]"
2,3,1.496501548305094,0.0034024687147136824,2.2508645806847096,1.2485389407404722e-06,5.684604366569919,"[[np.float64(-0.026864206014827273) np.float64(0.0)
  np.float64(0.9996390920903369)]
 [np.float64(-0.8930226972934251) np.float64(0.4493712382593142)
  np.float64(-0.023999007147510906)]
 [np.float64(-0.5125486178380598) np.float64(-0.856896596452332)
  np.float64(0.054973969664776724)]]"
3,1,6.388906070053029,0.0037302186027437702,2.439718286231589,1.1689482382305001e-06,2.9019187187867255,"[[np.float64(-0.9996161031323016) np.float64(0.0)
  np.float64(0.027706431718855545)]
 [np.float64(-0.027497148008857403) np.float64(0.12267914374840468)
  np.float64(-0.9920653882383645)]
 [np.float64(0.024111944585495808) np.float64(-0.9964786463821814)
  np.float64(-0.080305176873234)]]"
3,1,3.6629585781334555,0.003363534900647472,2.319687911886611,1.2701466043586162e-06,1.284590599470432,"[[np.float64(-0.9996161031323016) np.float64(0.0)
  np.float64(0.027706431718855545)]
 [np.float64(-0.027497148008857403) np.float64(0.12267914374840468)
  np.float64(-0.9920653882383645)]
 [np.float64(-0.01508812599295151) np.float64(-0.9945034024638871)
  np.float64(-0.10361144213730783)]]"
3,1,-3.0575269106650182,0.0037740218975632275,2.3386950155868145,1.2093367551849884e-06,7.649235514396484,"[[np.float64(-0.9996161031323016) np.float64(0.0)
  np.float64(0.027706431718855545)]
 [np.float64(-0.027497148008857403) np.float64(0.12267914374840468)
  np.float64(-0.9920653882383645)]
 [np.float64(0.033897816248125524) np.float64(-0.9994114411956814)
  np.float64(0.0052639586604947)]]"
3,1,8.894739676169085,0.0035983291868098705,2.2858546858268274,1.1264133437545814e-06,5.483077253280367,"[[np.float64(-0.9996161031323016) np.float64(0.0)
  np.float64(0.027706431718855545)]
 [np.float64(-0.027497148008857403) np.float64(0.12267914374840468)
  np.float64(-0.9920653882383645)]
 [np.float64(0.0894148659156227) np.float64(-0.9910109019604194)
  np.float64(-0.09951067253760898)]]"
3,1,0.7801693050963561,0.0033303673227222013,2.543647837759757,1.3517302272819755e-06,3.0867190890846112,"[[np.float64(-0.9996161031323016) np.float64(0.0)
  np.float64(0.027706431718855545)]
 [np.float64(-0.027497148008857403) np.float64(0.12267914374840468)
  np.float64(-0.9920653882383645)]
 [np.float64(-0.046246301869457156) np.float64(-0.9868633063906261)
  np.float64(-0.1547969446182977)]]"
3,1,-6.12799102944491,0.003484799325903798,2.6688672998685625,1.292828223293288e-06,7.130653563630656,"[[np.float64(-0.9996161031323016) np.float64(0.0)
  np.float64(0.027706431718855545)]
 [np.float64(-0.027497148008857403) np.float64(0.12267914374840468)
  np.float64(-0.9920653882383645)]
 [np.float64(0.11018205695756983) np.float64(-0.9790047444860633)
  np.float64(-0.17149234559704635)]]"
3,1,-1.7779018824420376,0.0036693221332369337,2.3781911432820624,1.3386795805843647e-06,6.844490976825057,"[[np.float64(-0.9996161031323016) np.float64(0.0)
  np.float64(0.027706431718855545)]
 [np.float64(-0.027497148008857403) np.float64(0.12267914374840468)
  np.float64(-0.9920653882383645)]
 [np.float64(-0.015987521675274063) np.float64(-0.9998636137601401)
  np.float64(-0.004141621566029874)]]"
3,1,7.866220367143768,0.003882320771095066,2.2345483080668473,1.324101987663163e-06,9.944365746008039,"[[np.float64(-0.9996161031323016) np.float64(0.0)
  np.float64(0.027706431718855545)]
 [np.float64(-0.027497148008857403) np.float64(0.12267914374840468)
  np.float64(-0.9920653882383645)]
 [np.float64(-0.11864126847455109) np.float64(-0.9613801805065494)
  np.float64(-0.24833927990542293)]]"
3,1,9.84495057027113,0.0034286581213464925,2.521655560247508,1.236608328334625e-06,4.6543000171528375,"[[np.float64(-0.9996161031323016) np.float64(0.0)
  np.float64(0.027706431718855545)]
 [np.float64(-0.027497148008857403) np.float64(0.12267914374840468)
  np.float64(-0.9920653882383645)]
 [np.float64(0.06124674883867392) np.float64(-0.9954077678100112)
  np.float64(-0.07356773436896963)]]"
3,1,5.305305966342406,0.0038934565212212237,2.409269045493121,1.1880610966719637e-06,0.8396930621257952,"[[np.float64(-0.9996161031323016) np.float64(0.0)
  np.float64(0.027706431718855545)]
 [np.float64(-0.027497148008857403) np.float64(0.12267914374840468)
  np.float64(-0.9920653882383645)]
 [np.float64(0.005019294906862669) np.float64(-0.9908971060676641)
  np.float64(-0.13452781075066403)]]"
3,1,-9.903314820662594,0.0033094446645775145,2.5562345251225316,1.1589918187145466e-06,9.052415500420674,"[[np.float64(-0.9996161031323016) np.float64(0.0)
  np.float64(0.027706431718855545)]
 [np.float64(-0.027497148008857403) np.float64(0.12267914374840468)
  np.float64(-0.9920653882383645)]
 [np.float64(-0.1330795896115987) np.float64(-0.9687292318514273)
  np.float64(-0.20941226846904634)]]"
3,1,-2.7156421635982966,0.003788630390543269,2.2640954744947592,1.1471156799398873e-06,2.1796489428267103,"[[np.float64(-0.9996161031323016) np.float64(0.0)
  np.float64(0.027706431718855545)]
 [np.float64(-0.027497148008857403) np.float64(0.12267914374840468)
  np.float64(-0.9920653882383645)]
 [np.float64(-0.0398191906371342) np.float64(-0.9902627974737364)
  np.float64(-0.13339424274118172)]]"
3,1,-7.448506221127725,0.0034989650273189628,2.613512346902357,1.2010728645215974e-06,8.30125403897825,"[[np.float64(-0.9996161031323016) np.float64(0.0)
  np.float64(0.027706431718855545)]
 [np.float64(-0.027497148008857403) np.float64(0.12267914374840468)
  np.float64(-0.9920653882383645)]
 [np.float64(-0.1366214618483179) np.float64(-0.974785005379247)
  np.float64(-0.17643347032298148)]]"
3,1,2.4531299799615525,0.003528446775707829,2.209930786339914,1.1433092893541062e-06,3.968751651728446,"[[np.float64(-0.9996161031323016) np.float64(0.0)
  np.float64(0.027706431718855545)]
 [np.float64(-0.027497148008857403) np.float64(0.12267914374840468)
  np.float64(-0.9920653882383645)]
 [np.float64(-0.07260284865214005) np.float64(-0.9898290876286153)
  np.float64(-0.12234052334323879)]]"
3,1,-0.21566836670052147,0.0036891767972078693,2.473035782642206,1.227207974898915e-06,8.571279539520445,"[[np.float64(-0.9996161031323016) np.float64(0.0)
  np.float64(0.027706431718855545)]
 [np.float64(-0.027497148008857403) np.float64(0.12267914374840468)
  np.float64(-0.9920653882383645)]
 [np.float64(0.009869776650044) np.float64(-0.9632016102284827)
  np.float64(-0.2685986700676984)]]"
3,1,4.711150043418614,0.0036098079673616244,2.3868774033899003,1.2616952519446973e-06,4.487370971107413,"[[np.float64(-0.9996161031323016) np.float64(0.0)
  np.float64(0.027706431718855545)]
 [np.float64(-0.027497148008857403) np.float64(0.12267914374840468)
  np.float64(-0.9920653882383645)]
 [np.float64(-0.018588869888445186) np.float64(-0.9987647577984236)
  np.float64(-0.04608050017227269)]]"
3,1,-4.327211458665362,0.0038290916239211675,2.491423379448384,1.107267734187323e-06,6.357106132291532,"[[np.float64(-0.9996161031323016) np.float64(0.0)
  np.float64(0.027706431718855545)]
 [np.float64(-0.027497148008857403) np.float64(0.12267914374840468)
  np.float64(-0.9920653882383645)]
 [np.float64(-0.020760645232040093) np.float64(-0.9996954181837105)
  np.float64(-0.013344154976831668)]]"
3,1,-8.110702798256533,0.003956408999457189,2.588456500179156,1.2877546368022088e-06,0.4880248954823181,"[[np.float64(-0.9996161031323016) np.float64(0.0)
  np.float64(0.027706431718855545)]
 [np.float64(-0.027497148008857403) np.float64(0.12267914374840468)
  np.float64(-0.9920653882383645)]
 [np.float64(0.000283216053133127) np.float64(-0.9933646895772352)
  np.float64(-0.11500657933262083)]]"
3,1,-5.439930059101924,0.0032665338257392316,2.6299460888048,1.3070382524923171e-06,1.9594520286161194,"[[np.float64(-0.9996161031323016) np.float64(0.0)
  np.float64(0.027706431718855545)]
 [np.float64(-0.027497148008857403) np.float64(0.12267914374840468)
  np.float64(-0.9920653882383645)]
 [np.float64(-0.03429356446472682) np.float64(-0.9899657934368392)
  np.float64(-0.1370827460378331)]]"
3,1,1.496501548305094,0.0034024687147136824,2.2508645806847096,1.2485389407404722e-06,5.684604366569919,"[[np.float64(-0.9996161031323016) np.float64(0.0)
  np.float64(0.027706431718855545)]
 [np.float64(-0.027497148008857403) np.float64(0.12267914374840468)
  np.float64(-0.9920653882383645)]
 [np.float64(-0.09270341161984748) np.float64(-0.9925148081594941)
  np.float64(-0.07950115130086863)]]"
3,2,6.388906070053029,0.0037302186027437702,2.439718286231589,1.1689482382305001e-06,2.9019187187867255,"[[np.float64(0.12299269935856477) np.float64(0.0)
  np.float64(-0.9924075754973325)]
 [np.float64(0.14350707416689623) np.float64(0.9894894647047127)
  np.float64(0.017785356404591217)]
 [np.float64(0.9857127111665329) np.float64(-0.09675891264087715)
  np.float64(0.13787009780688014)]]"
3,2,3.6629585781334555,0.003363534900647472,2.319687911886611,1.2701466043586162e-06,1.284590599470432,"[[np.float64(0.12299269935856477) np.float64(0.0)
  np.float64(-0.9924075754973325)]
 [np.float64(0.14350707416689623) np.float64(0.9894894647047127)
  np.float64(0.017785356404591217)]
 [np.float64(0.9795041527028824) np.float64(-0.14113379941511725)
  np.float64(0.143711048637403)]]"
3,2,-3.0575269106650182,0.0037740218975632275,2.3386950155868145,1.2093367551849884e-06,7.649235514396484,"[[np.float64(0.12299269935856477) np.float64(0.0)
  np.float64(-0.9924075754973325)]
 [np.float64(0.14350707416689623) np.float64(0.9894894647047127)
  np.float64(0.017785356404591217)]
 [np.float64(0.9492176125181643) np.float64(-0.26427615899190265)
  np.float64(0.17071624373152908)]]"
3,2,8.894739676169085,0.0035983291868098705,2.2858546858268274,1.1264133437545814e-06,5.483077253280367,"[[np.float64(0.12299269935856477) np.float64(0.0)
  np.float64(-0.9924075754973325)]
 [np.float64(0.14350707416689623) np.float64(0.9894894647047127)
  np.float64(0.017785356404591217)]
 [np.float64(0.9920230435228227) np.float64(-0.12264292827758178)
  np.float64(0.02913748896552383)]]"
3,2,0.7801693050963561,0.0033303673227222013,2.543647837759757,1.3517302272819755e-06,3.0867190890846112,"[[np.float64(0.12299269935856477) np.float64(0.0)
  np.float64(-0.9924075754973325)]
 [np.float64(0.14350707416689623) np.float64(0.9894894647047127)
  np.float64(0.017785356404591217)]
 [np.float64(0.9749029720838336) np.float64(-0.13801090220959275)
  np.float64(0.17469168810622474)]]"
3,2,-6.12799102944491,0.003484799325903798,2.6688672998685625,1.292828223293288e-06,7.130653563630656,"[[np.float64(0.12299269935856477) np.float64(0.0)
  np.float64(-0.9924075754973325)]
 [np.float64(0.14350707416689623) np.float64(0.9894894647047127)
  np.float64(0.017785356404591217)]
 [np.float64(0.9509362745685797) np.float64(-0.23959587977582003)
  np.float64(0.19573966410536703)]]"
3,2,-1.7779018824420376,0.0036693221332369337,2.3781911432820624,1.3386795805843647e-06,6.844490976825057,"[[np.float64(0.12299269935856477) np.float64(0.0)
  np.float64(-0.9924075754973325)]
 [np.float64(0.14350707416689623) np.float64(0.9894894647047127)
  np.float64(0.017785356404591217)]
 [np.float64(0.9553869343054567) np.float64(-0.1835916877283134)
  np.float64(0.2313652911641901)]]"
3,2,7.866220367143768,0.003882320771095066,2.2345483080668473,1.324101987663163e-06,9.944365746008039,"[[np.float64(0.12299269935856477) np.float64(0.0)
  np.float64(-0.9924075754973325)]
 [np.float64(0.14350707416689623) np.float64(0.9894894647047127)
  np.float64(0.017785356404591217)]
 [np.float64(0.9879871067937072) np.float64(0.025902040003772997)
  np.float64(0.1523501267903738)]]"
3,2,9.84495057027113,0.0034286581213464925,2.521655560247508,1.236608328334625e-06,4.6543000171528375,"[[np.float64(0.12299269935856477) np.float64(0.0)
  np.float64(-0.9924075754973325)]
 [np.float64(0.14350707416689623) np.float64(0.9894894647047127)
  np.float64(0.017785356404591217)]
 [np.float64(0.96897751240063) np.float64(-0.22322996246617943)
  np.float64(0.10607056292504101)]]"
3,2,5.305305966342406,0.0038934565212212237,2.409269045493121,1.1880610966719637e-06,0.8396930621257952,"[[np.float64(0.12299269935856477) np.float64(0.0)
  np.float64(-0.9924075754973325)]
 [np.float64(0.14350707416689623) np.float64(0.9894894647047127)
  np.float64(0.017785356404591217)]
 [np.float64(0.9793703905641069) np.float64(-0.15047614702316903)
  np.float64(0.13487241105344971)]]"
3,2,-9.903314820662594,0.0033094446645775145,2.5562345251225316,1.1589918187145466e-06,9.052415500420674,"[[np.float64(0.12299269935856477) np.float64(0.0)
  np.float64(-0.9924075754973325)]
 [np.float64(0.14350707416689623) np.float64(0.9894894647047127)
  np.float64(0.017785356404591217)]
 [np.float64(0.9771612442263146) np.float64(-0.21143903579103135)
  np.float64(-0.02119992749610193)]]"
3,2,-2.7156421635982966,0.003788630390543269,2.2640954744947592,1.1471156799398873e-06,2.1796489428267103,"[[np.float64(0.12299269935856477) np.float64(0.0)
  np.float64(-0.9924075754973325)]
 [np.float64(0.14350707416689623) np.float64(0.9894894647047127)
  np.float64(0.017785356404591217)]
 [np.float64(0.98334547296168) np.float64(-0.11279253965530969)
  np.float64(0.14251148656819052)]]"
3,2,-7.448506221127725,0.0034989650273189628,2.613512346902357,1.2010728645215974e-06,8.30125403897825,"[[np.float64(0.12299269935856477) np.float64(0.0)
  np.float64(-0.9924075754973325)]
 [np.float64(0.14350707416689623) np.float64(0.9894894647047127)
  np.float64(0.017785356404591217)]
 [np.float64(0.9750516443809056) np.float64(-0.22197767826817555)
  np.float64(-0.0004484871932198403)]]"
3,2,2.4531299799615525,0.003528446775707829,2.209930786339914,1.1433092893541062e-06,3.968751651728446,"[[np.float64(0.12299269935856477) np.float64(0.0)
  np.float64(-0.9924075754973325)]
 [np.float64(0.14350707416689623) np.float64(0.9894894647047127)
  np.float64(0.017785356404591217)]
 [np.float64(0.9868358675469756) np.float64(-0.15275927923884006)
  np.float64(0.05309965281655199)]]"
3,2,-0.21566836670052147,0.0036891767972078693,2.473035782642206,1.227207974898915e-06,8.571279539520445,"[[np.float64(0.12299269935856477) np.float64(0.0)
  np.float64(-0.9924075754973325)]
 [np.float64(0.14350707416689623) np.float64(0.9894894647047127)
  np.float64(0.017785356404591217)]
 [np.float64(0.9905917818894489) np.float64(0.003838482533574411)
  np.float64(0.1367961538382064)]]"
3,2,4.711150043418614,0.0036098079673616244,2.3868774033899003,1.2616952519446973e-06,4.487370971107413,"[[np.float64(0.12299269935856477) np.float64(0.0)
  np.float64(-0.9924075754973325)]
 [np.float64(0.14350707416689623) np.float64(0.9894894647047127)
  np.float64(0.017785356404591217)]
 [np.float64(0.98235459353348) np.float64(-0.17973337635128536)
  np.float64(0.05172394019251242)]]"
3,2,-4.327211458665362,0.0038290916239211675,2.491423379448384,1.107267734187323e-06,6.357106132291532,"[[np.float64(0.12299269935856477) np.float64(0.0)
  np.float64(-0.9924075754973325)]
 [np.float64(0.14350707416689623) np.float64(0.9894894647047127)
  np.float64(0.017785356404591217)]
 [np.float64(0.9638128316041481) np.float64(-0.2500267014417209)
  np.float64(0.09247418126897275)]]"
3,2,-8.110702798256533,0.003956408999457189,2.588456500179156,1.2877546368022088e-06,0.4880248954823181,"[[np.float64(0.12299269935856477) np.float64(0.0)
  np.float64(-0.9924075754973325)]
 [np.float64(0.14350707416689623) np.float64(0.9894894647047127)
  np.float64(0.017785356404591217)]
 [np.float64(0.9829606502214996) np.float64(-0.13630260991799084)
  np.float64(0.12332866108764308)]]"
3,2,-5.439930059101924,0.0032665338257392316,2.6299460888048,1.3070382524923171e-06,1.9594520286161194,"[[np.float64(0.12299269935856477) np.float64(0.0)
  np.float64(-0.9924075754973325)]
 [np.float64(0.14350707416689623) np.float64(0.9894894647047127)
  np.float64(0.017785356404591217)]
 [np.float64(0.9877574312920777) np.float64(-0.11525825313265198)
  np.float64(0.10512274735796183)]]"
3,2,1.496501548305094,0.0034024687147136824,2.2508645806847096,1.2485389407404722e-06,5.684604366569919,"[[np.float64(0.12299269935856477) np.float64(0.0)
  np.float64(-0.9924075754973325)]
 [np.float64(0.14350707416689623) np.float64(0.9894894647047127)
  np.float64(0.017785356404591217)]
 [np.float64(0.9615178976599508) np.float64(-0.24113194742060806)
  np.float64(0.13167655984545515)]]"
3,3,6.388906070053029,0.0037302186027437702,2.439718286231589,1.1689482382305001e-06,2.9019187187867255,"[[np.float64(-0.01261062188144027) np.float64(0.0)
  np.float64(0.9999204829464008)]
 [np.float64(-0.5354722191916566) np.float64(0.8445258415855297)
  np.float64(-0.006753174676794424)]
 [np.float64(-0.8163240118273386) np.float64(-0.57739995298739)
  np.float64(-0.014980053547270653)]]"
3,3,3.6629585781334555,0.003363534900647472,2.319687911886611,1.2701466043586162e-06,1.284590599470432,"[[np.float64(-0.01261062188144027) np.float64(0.0)
  np.float64(0.9999204829464008)]
 [np.float64(-0.5354722191916566) np.float64(0.8445258415855297)
  np.float64(-0.006753174676794424)]
 [np.float64(-0.840626348377191) np.float64(-0.5415115536888151)
  np.float64(0.010610355109771446)]]"
3,3,-3.0575269106650182,0.0037740218975632275,2.3386950155868145,1.2093367551849884e-06,7.649235514396484,"[[np.float64(-0.01261062188144027) np.float64(0.0)
  np.float64(0.9999204829464008)]
 [np.float64(-0.5354722191916566) np.float64(0.8445258415855297)
  np.float64(-0.006753174676794424)]
 [np.float64(-0.8521212681208399) np.float64(-0.5094122588566715)
  np.float64(0.11995205268220968)]]"
3,3,8.894739676169085,0.0035983291868098705,2.2858546858268274,1.1264133437545814e-06,5.483077253280367,"[[np.float64(-0.01261062188144027) np.float64(0.0)
  np.float64(0.9999204829464008)]
 [np.float64(-0.5354722191916566) np.float64(0.8445258415855297)
  np.float64(-0.006753174676794424)]
 [np.float64(-0.7923587898870771) np.float64(-0.6097333935191909)
  np.float64(0.01981759108112368)]]"
3,3,0.7801693050963561,0.0033303673227222013,2.543647837759757,1.3517302272819755e-06,3.0867190890846112,"[[np.float64(-0.01261062188144027) np.float64(0.0)
  np.float64(0.9999204829464008)]
 [np.float64(-0.5354722191916566) np.float64(0.8445258415855297)
  np.float64(-0.006753174676794424)]
 [np.float64(-0.8701093714669773) np.float64(-0.49198531368415077)
  np.float64(-0.029328020806896886)]]"
3,3,-6.12799102944491,0.003484799325903798,2.6688672998685625,1.292828223293288e-06,7.130653563630656,"[[np.float64(-0.01261062188144027) np.float64(0.0)
  np.float64(0.9999204829464008)]
 [np.float64(-0.5354722191916566) np.float64(0.8445258415855297)
  np.float64(-0.006753174676794424)]
 [np.float64(-0.8577692305766222) np.float64(-0.49774077160894087)
  np.float64(-0.12839809715928774)]]"
3,3,-1.7779018824420376,0.0036693221332369337,2.3781911432820624,1.3386795805843647e-06,6.844490976825057,"[[np.float64(-0.01261062188144027) np.float64(0.0)
  np.float64(0.9999204829464008)]
 [np.float64(-0.5354722191916566) np.float64(0.8445258415855297)
  np.float64(-0.006753174676794424)]
 [np.float64(-0.9017275240083169) np.float64(-0.4322489027715169)
  np.float64(0.0069540275128843025)]]"
3,3,7.866220367143768,0.003882320771095066,2.2345483080668473,1.324101987663163e-06,9.944365746008039,"[[np.float64(-0.01261062188144027) np.float64(0.0)
  np.float64(0.9999204829464008)]
 [np.float64(-0.5354722191916566) np.float64(0.8445258415855297)
  np.float64(-0.006753174676794424)]
 [np.float64(-0.9194404663507928) np.float64(-0.3903725730004723)
  np.float64(0.04731261021786601)]]"
3,3,9.84495057027113,0.0034286581213464925,2.521655560247508,1.236608328334625e-06,4.6543000171528375,"[[np.float64(-0.01261062188144027) np.float64(0.0)
  np.float64(0.9999204829464008)]
 [np.float64(-0.5354722191916566) np.float64(0.8445258415855297)
  np.float64(-0.006753174676794424)]
 [np.float64(-0.850312374171216) np.float64(-0.521713607890991)
  np.float64(0.06916485865434428)]]"
3,3,5.305305966342406,0.0038934565212212237,2.409269045493121,1.1880610966719637e-06,0.8396930621257952,"[[np.float64(-0.01261062188144027) np.float64(0.0)
  np.float64(0.9999204829464008)]
 [np.float64(-0.5354722191916566) np.float64(0.8445258415855297)
  np.float64(-0.006753174676794424)]
 [np.float64(-0.8372691610885026) np.float64(-0.5465227535459637)
  np.float64(-0.017124010823786083)]]"
3,3,-9.903314820662594,0.0033094446645775145,2.5562345251225316,1.1589918187145466e-06,9.052415500420674,"[[np.float64(-0.01261062188144027) np.float64(0.0)
  np.float64(0.9999204829464008)]
 [np.float64(-0.5354722191916566) np.float64(0.8445258415855297)
  np.float64(-0.006753174676794424)]
 [np.float64(-0.7819504899789407) np.float64(-0.6083343575640842)
  np.float64(-0.13595124357205296)]]"
3,3,-2.7156421635982966,0.003788630390543269,2.2640954744947592,1.1471156799398873e-06,2.1796489428267103,"[[np.float64(-0.01261062188144027) np.float64(0.0)
  np.float64(0.9999204829464008)]
 [np.float64(-0.5354722191916566) np.float64(0.8445258415855297)
  np.float64(-0.006753174676794424)]
 [np.float64(-0.8483553517906276) np.float64(-0.5272845382134261)
  np.float64(-0.047583745641284425)]]"
3,3,-7.448506221127725,0.0034989650273189628,2.613512346902357,1.2010728645215974e-06,8.30125403897825,"[[np.float64(-0.01261062188144027) np.float64(0.0)
  np.float64(0.9999204829464008)]
 [np.float64(-0.5354722191916566) np.float64(0.8445258415855297)
  np.float64(-0.006753174676794424)]
 [np.float64(-0.9045300197421512) np.float64(-0.41996572992136993)
  np.float64(-0.0738527526695848)]]"
3,3,2.4531299799615525,0.003528446775707829,2.209930786339914,1.1433092893541062e-06,3.968751651728446,"[[np.float64(-0.01261062188144027) np.float64(0.0)
  np.float64(0.9999204829464008)]
 [np.float64(-0.5354722191916566) np.float64(0.8445258415855297)
  np.float64(-0.006753174676794424)]
 [np.float64(-0.8325594974377176) np.float64(-0.5511215403090783)
  np.float64(0.05576496241910346)]]"
3,3,-0.21566836670052147,0.0036891767972078693,2.473035782642206,1.227207974898915e-06,8.571279539520445,"[[np.float64(-0.01261062188144027) np.float64(0.0)
  np.float64(0.9999204829464008)]
 [np.float64(-0.5354722191916566) np.float64(0.8445258415855297)
  np.float64(-0.006753174676794424)]
 [np.float64(-0.7553028276747915) np.float64(-0.6550505168285679)
  np.float64(-0.020650881557223232)]]"
3,3,4.711150043418614,0.0036098079673616244,2.3868774033899003,1.2616952519446973e-06,4.487370971107413,"[[np.float64(-0.01261062188144027) np.float64(0.0)
  np.float64(0.9999204829464008)]
 [np.float64(-0.5354722191916566) np.float64(0.8445258415855297)
  np.float64(-0.006753174676794424)]
 [np.float64(-0.8201365393231715) np.float64(-0.566801430137604)
  np.float64(-0.07818053249357529)]]"
3,3,-4.327211458665362,0.0038290916239211675,2.491423379448384,1.107267734187323e-06,6.357106132291532,"[[np.float64(-0.01261062188144027) np.float64(0.0)
  np.float64(0.9999204829464008)]
 [np.float64(-0.5354722191916566) np.float64(0.8445258415855297)
  np.float64(-0.006753174676794424)]
 [np.float64(-0.8049771532412395) np.float64(-0.5880676404070021)
  np.float64(0.07866532314667744)]]"
3,3,-8.110702798256533,0.003956408999457189,2.588456500179156,1.2877546368022088e-06,0.4880248954823181,"[[np.float64(-0.01261062188144027) np.float64(0.0)
  np.float64(0.9999204829464008)]
 [np.float64(-0.5354722191916566) np.float64(0.8445258415855297)
  np.float64(-0.006753174676794424)]
 [np.float64(-0.8453316775623388) np.float64(-0.5342370103075617)
  np.float64(-0.002274143196996998)]]"
3,3,-5.439930059101924,0.0032665338257392316,2.6299460888048,1.3070382524923171e-06,1.9594520286161194,"[[np.float64(-0.01261062188144027) np.float64(0.0)
  np.float64(0.9999204829464008)]
 [np.float64(-0.5354722191916566) np.float64(0.8445258415855297)
  np.float64(-0.006753174676794424)]
 [np.float64(-0.8256777879181386) np.float64(-0.5639905595181836)
  np.float64(-0.013070551364638692)]]"
3,3,1.496501548305094,0.0034024687147136824,2.2508645806847096,1.2485389407404722e-06,5.684604366569919,"[[np.float64(-0.01261062188144027) np.float64(0.0)
  np.float64(0.9999204829464008)]
 [np.float64(-0.5354722191916566) np.float64(0.8445258415855297)
  np.float64(-0.006753174676794424)]
 [np.float64(-0.8437876157553692) np.float64(-0.5254277024963762)
  np.float64(-0.10930777166903247)]]"
4,1,6.388906070053029,0.0037302186027437702,2.439718286231589,1.1689482382305001e-06,2.9019187187867255,"[[np.float64(-0.21975336928042047) np.float64(0.0)
  np.float64(0.9755554605915049)]
 [np.float64(-0.8387005332850705) np.float64(0.5107725369834359)
  np.float64(-0.18892546395561086)]
 [np.float64(-0.48598201478541037) np.float64(-0.8589432447330605)
  np.float64(-0.16136289422464803)]]"
4,1,3.6629585781334555,0.003363534900647472,2.319687911886611,1.2701466043586162e-06,1.284590599470432,"[[np.float64(-0.21975336928042047) np.float64(0.0)
  np.float64(0.9755554605915049)]
 [np.float64(-0.8387005332850705) np.float64(0.5107725369834359)
  np.float64(-0.18892546395561086)]
 [np.float64(-0.4795254152205329) np.float64(-0.8692958064739168)
  np.float64(-0.11991737574029199)]]"
4,1,-3.0575269106650182,0.0037740218975632275,2.3386950155868145,1.2093367551849884e-06,7.649235514396484,"[[np.float64(-0.21975336928042047) np.float64(0.0)
  np.float64(0.9755554605915049)]
 [np.float64(-0.8387005332850705) np.float64(0.5107725369834359)
  np.float64(-0.18892546395561086)]
 [np.float64(-0.5923081019127239) np.float64(-0.7869676180949178)
  np.float64(-0.17278044009250076)]]"
4,1,8.894739676169085,0.0035983291868098705,2.2858546858268274,1.1264133437545814e-06,5.483077253280367,"[[np.float64(-0.21975336928042047) np.float64(0.0)
  np.float64(0.9755554605915049)]
 [np.float64(-0.8387005332850705) np.float64(0.5107725369834359)
  np.float64(-0.18892546395561086)]
 [np.float64(-0.5787529010069516) np.float64(-0.8080234648174591)
  np.float64(-0.11019600664464217)]]"
4,1,0.7801693050963561,0.0033303673227222013,2.543647837759757,1.3517302272819755e-06,3.0867190890846112,"[[np.float64(-0.21975336928042047) np.float64(0.0)
  np.float64(0.9755554605915049)]
 [np.float64(-0.8387005332850705) np.float64(0.5107725369834359)
  np.float64(-0.18892546395561086)]
 [np.float64(-0.5297055365755875) np.float64(-0.8452077491737982)
  np.float64(-0.07096411246349142)]]"
4,1,-6.12799102944491,0.003484799325903798,2.6688672998685625,1.292828223293288e-06,7.130653563630656,"[[np.float64(-0.21975336928042047) np.float64(0.0)
  np.float64(0.9755554605915049)]
 [np.float64(-0.8387005332850705) np.float64(0.5107725369834359)
  np.float64(-0.18892546395561086)]
 [np.float64(-0.38868573822223695) np.float64(-0.9163181285033012)
  np.float64(-0.09635602876230695)]]"
4,1,-1.7779018824420376,0.0036693221332369337,2.3781911432820624,1.3386795805843647e-06,6.844490976825057,"[[np.float64(-0.21975336928042047) np.float64(0.0)
  np.float64(0.9755554605915049)]
 [np.float64(-0.8387005332850705) np.float64(0.5107725369834359)
  np.float64(-0.18892546395561086)]
 [np.float64(-0.39633011507363847) np.float64(-0.9049640262984829)
  np.float64(-0.1547984205066555)]]"
4,1,7.866220367143768,0.003882320771095066,2.2345483080668473,1.324101987663163e-06,9.944365746008039,"[[np.float64(-0.21975336928042047) np.float64(0.0)
  np.float64(0.9755554605915049)]
 [np.float64(-0.8387005332850705) np.float64(0.5107725369834359)
  np.float64(-0.18892546395561086)]
 [np.float64(-0.6349893060620531) np.float64(-0.7586052697557649)
  np.float64(-0.14596789333827995)]]"
4,1,9.84495057027113,0.0034286581213464925,2.521655560247508,1.236608328334625e-06,4.6543000171528375,"[[np.float64(-0.21975336928042047) np.float64(0.0)
  np.float64(0.9755554605915049)]
 [np.float64(-0.8387005332850705) np.float64(0.5107725369834359)
  np.float64(-0.18892546395561086)]
 [np.float64(-0.42782884052512904) np.float64(-0.8982814153042291)
  np.float64(-0.10026456070793309)]]"
4,1,5.305305966342406,0.0038934565212212237,2.409269045493121,1.1880610966719637e-06,0.8396930621257952,"[[np.float64(-0.21975336928042047) np.float64(0.0)
  np.float64(0.9755554605915049)]
 [np.float64(-0.8387005332850705) np.float64(0.5107725369834359)
  np.float64(-0.18892546395561086)]
 [np.float64(-0.4958009677879577) np.float64(-0.8628719204450771)
  np.float64(-0.09815013626047175)]]"
4,1,-9.903314820662594,0.0033094446645775145,2.5562345251225316,1.1589918187145466e-06,9.052415500420674,"[[np.float64(-0.21975336928042047) np.float64(0.0)
  np.float64(0.9755554605915049)]
 [np.float64(-0.8387005332850705) np.float64(0.5107725369834359)
  np.float64(-0.18892546395561086)]
 [np.float64(-0.3614967681181864) np.float64(-0.9293164118374708)
  np.float64(-0.07543933542678158)]]"
4,1,-2.7156421635982966,0.003788630390543269,2.2640954744947592,1.1471156799398873e-06,2.1796489428267103,"[[np.float64(-0.21975336928042047) np.float64(0.0)
  np.float64(0.9755554605915049)]
 [np.float64(-0.8387005332850705) np.float64(0.5107725369834359)
  np.float64(-0.18892546395561086)]
 [np.float64(-0.5019521736469013) np.float64(-0.85191274840016)
  np.float64(-0.14929395327486325)]]"
4,1,-7.448506221127725,0.0034989650273189628,2.613512346902357,1.2010728645215974e-06,8.30125403897825,"[[np.float64(-0.21975336928042047) np.float64(0.0)
  np.float64(0.9755554605915049)]
 [np.float64(-0.8387005332850705) np.float64(0.5107725369834359)
  np.float64(-0.18892546395561086)]
 [np.float64(-0.6145499415411133) np.float64(-0.7769700565175821)
  np.float64(-0.13654999314126567)]]"
4,1,2.4531299799615525,0.003528446775707829,2.209930786339914,1.1433092893541062e-06,3.968751651728446,"[[np.float64(-0.21975336928042047) np.float64(0.0)
  np.float64(0.9755554605915049)]
 [np.float64(-0.8387005332850705) np.float64(0.5107725369834359)
  np.float64(-0.18892546395561086)]
 [np.float64(-0.47002957935167294) np.float64(-0.8810739700028003)
  np.float64(-0.052733802423056926)]]"
4,1,-0.21566836670052147,0.0036891767972078693,2.473035782642206,1.227207974898915e-06,8.571279539520445,"[[np.float64(-0.21975336928042047) np.float64(0.0)
  np.float64(0.9755554605915049)]
 [np.float64(-0.8387005332850705) np.float64(0.5107725369834359)
  np.float64(-0.18892546395561086)]
 [np.float64(-0.4773774696163436) np.float64(-0.8397000154077704)
  np.float64(-0.25887185174693533)]]"
4,1,4.711150043418614,0.0036098079673616244,2.3868774033899003,1.2616952519446973e-06,4.487370971107413,"[[np.float64(-0.21975336928042047) np.float64(0.0)
  np.float64(0.9755554605915049)]
 [np.float64(-0.8387005332850705) np.float64(0.5107725369834359)
  np.float64(-0.18892546395561086)]
 [np.float64(-0.5429526484593271) np.float64(-0.8381734607403893)
  np.float64(-0.05164950378736868)]]"
4,1,-4.327211458665362,0.0038290916239211675,2.491423379448384,1.107267734187323e-06,6.357106132291532,"[[np.float64(-0.21975336928042047) np.float64(0.0)
  np.float64(0.9755554605915049)]
 [np.float64(-0.8387005332850705) np.float64(0.5107725369834359)
  np.float64(-0.18892546395561086)]
 [np.float64(-0.39931405365352834) np.float64(-0.9084626111636165)
  np.float64(-0.12346647590569357)]]"
4,1,-8.110702798256533,0.003956408999457189,2.588456500179156,1.2877546368022088e-06,0.4880248954823181,"[[np.float64(-0.21975336928042047) np.float64(0.0)
  np.float64(0.9755554605915049)]
 [np.float64(-0.8387005332850705) np.float64(0.5107725369834359)
  np.float64(-0.18892546395561086)]
 [np.float64(-0.49298565132639205) np.float64(-0.8634659524062269)
  np.float64(-0.10673189130480482)]]"
4,1,-5.439930059101924,0.0032665338257392316,2.6299460888048,1.3070382524923171e-06,1.9594520286161194,"[[np.float64(-0.21975336928042047) np.float64(0.0)
  np.float64(0.9755554605915049)]
 [np.float64(-0.8387005332850705) np.float64(0.5107725369834359)
  np.float64(-0.18892546395561086)]
 [np.float64(-0.4788749844948129) np.float64(-0.8667269022909677)
  np.float64(-0.13951066651047184)]]"
4,1,1.496501548305094,0.0034024687147136824,2.2508645806847096,1.2485389407404722e-06,5.684604366569919,"[[np.float64(-0.21975336928042047) np.float64(0.0)
  np.float64(0.9755554605915049)]
 [np.float64(-0.8387005332850705) np.float64(0.5107725369834359)
  np.float64(-0.18892546395561086)]
 [np.float64(-0.5056173475453185) np.float64(-0.837174117846511)
  np.float64(-0.2085439864133048)]]"
4,2,6.388906070053029,0.0037302186027437702,2.439718286231589,1.1689482382305001e-06,2.9019187187867255,"[[np.float64(0.1734380451987891) np.float64(0.0)
  np.float64(-0.984844781921305)]
 [np.float64(0.6092347218931232) np.float64(0.7856982909450939)
  np.float64(0.107290490006185)]
 [np.float64(0.8044185995666959) np.float64(-0.5819108365060196)
  np.float64(0.119542858540444)]]"
4,2,3.6629585781334555,0.003363534900647472,2.319687911886611,1.2701466043586162e-06,1.284590599470432,"[[np.float64(0.1734380451987891) np.float64(0.0)
  np.float64(-0.984844781921305)]
 [np.float64(0.6092347218931232) np.float64(0.7856982909450939)
  np.float64(0.107290490006185)]
 [np.float64(0.784634045047373) np.float64(-0.6083212991991027)
  np.float64(0.11956007817542157)]]"
4,2,-3.0575269106650182,0.0037740218975632275,2.3386950155868145,1.2093367551849884e-06,7.649235514396484,"[[np.float64(0.1734380451987891) np.float64(0.0)
  np.float64(-0.984844781921305)]
 [np.float64(0.6092347218931232) np.float64(0.7856982909450939)
  np.float64(0.107290490006185)]
 [np.float64(0.816797188033743) np.float64(-0.5766698088149508)
  np.float64(0.017154743411040826)]]"
4,2,8.894739676169085,0.0035983291868098705,2.2858546858268274,1.1264133437545814e-06,5.483077253280367,"[[np.float64(0.1734380451987891) np.float64(0.0)
  np.float64(-0.984844781921305)]
 [np.float64(0.6092347218931232) np.float64(0.7856982909450939)
  np.float64(0.107290490006185)]
 [np.float64(0.77937493639186) np.float64(-0.6252148941758761)
  np.float64(0.04100054420166213)]]"
4,2,0.7801693050963561,0.0033303673227222013,2.543647837759757,1.3517302272819755e-06,3.0867190890846112,"[[np.float64(0.1734380451987891) np.float64(0.0)
  np.float64(-0.984844781921305)]
 [np.float64(0.6092347218931232) np.float64(0.7856982909450939)
  np.float64(0.107290490006185)]
 [np.float64(0.7596921745873181) np.float64(-0.643905384343607)
  np.float64(0.09084963337352428)]]"
4,2,-6.12799102944491,0.003484799325903798,2.6688672998685625,1.292828223293288e-06,7.130653563630656,"[[np.float64(0.1734380451987891) np.float64(0.0)
  np.float64(-0.984844781921305)]
 [np.float64(0.6092347218931232) np.float64(0.7856982909450939)
  np.float64(0.107290490006185)]
 [np.float64(0.8406483597551416) np.float64(-0.5369831739857756)
  np.float64(0.07042305089352971)]]"
4,2,-1.7779018824420376,0.0036693221332369337,2.3781911432820624,1.3386795805843647e-06,6.844490976825057,"[[np.float64(0.1734380451987891) np.float64(0.0)
  np.float64(-0.984844781921305)]
 [np.float64(0.6092347218931232) np.float64(0.7856982909450939)
  np.float64(0.107290490006185)]
 [np.float64(0.6957068039922574) np.float64(-0.7078366613914785)
  np.float64(0.12230823222107534)]]"
4,2,7.866220367143768,0.003882320771095066,2.2345483080668473,1.324101987663163e-06,9.944365746008039,"[[np.float64(0.1734380451987891) np.float64(0.0)
  np.float64(-0.984844781921305)]
 [np.float64(0.6092347218931232) np.float64(0.7856982909450939)
  np.float64(0.107290490006185)]
 [np.float64(0.8136586237156794) np.float64(-0.515109021185447)
  np.float64(0.2694853249185884)]]"
4,2,9.84495057027113,0.0034286581213464925,2.521655560247508,1.236608328334625e-06,4.6543000171528375,"[[np.float64(0.1734380451987891) np.float64(0.0)
  np.float64(-0.984844781921305)]
 [np.float64(0.6092347218931232) np.float64(0.7856982909450939)
  np.float64(0.107290490006185)]
 [np.float64(0.8158862514759522) np.float64(-0.5546586226734289)
  np.float64(0.16335065640068425)]]"
4,2,5.305305966342406,0.0038934565212212237,2.409269045493121,1.1880610966719637e-06,0.8396930621257952,"[[np.float64(0.1734380451987891) np.float64(0.0)
  np.float64(-0.984844781921305)]
 [np.float64(0.6092347218931232) np.float64(0.7856982909450939)
  np.float64(0.107290490006185)]
 [np.float64(0.7644752738890686) np.float64(-0.629885949452483)
  np.float64(0.13719054739513975)]]"
4,2,-9.903314820662594,0.0033094446645775145,2.5562345251225316,1.1589918187145466e-06,9.052415500420674,"[[np.float64(0.1734380451987891) np.float64(0.0)
  np.float64(-0.984844781921305)]
 [np.float64(0.6092347218931232) np.float64(0.7856982909450939)
  np.float64(0.107290490006185)]
 [np.float64(0.7622354437566997) np.float64(-0.5793514575652152)
  np.float64(0.2887022980478121)]]"
4,2,-2.7156421635982966,0.003788630390543269,2.2640954744947592,1.1471156799398873e-06,2.1796489428267103,"[[np.float64(0.1734380451987891) np.float64(0.0)
  np.float64(-0.984844781921305)]
 [np.float64(0.6092347218931232) np.float64(0.7856982909450939)
  np.float64(0.107290490006185)]
 [np.float64(0.7694074952567921) np.float64(-0.6308018249072767)
  np.float64(0.10050454684400574)]]"
4,2,-7.448506221127725,0.0034989650273189628,2.613512346902357,1.2010728645215974e-06,8.30125403897825,"[[np.float64(0.1734380451987891) np.float64(0.0)
  np.float64(-0.984844781921305)]
 [np.float64(0.6092347218931232) np.float64(0.7856982909450939)
  np.float64(0.107290490006185)]
 [np.float64(0.8248310801527081) np.float64(-0.5652569560534731)
  np.float64(0.011758522325487117)]]"
4,2,2.4531299799615525,0.003528446775707829,2.209930786339914,1.1433092893541062e-06,3.968751651728446,"[[np.float64(0.1734380451987891) np.float64(0.0)
  np.float64(-0.984844781921305)]
 [np.float64(0.6092347218931232) np.float64(0.7856982909450939)
  np.float64(0.107290490006185)]
 [np.float64(0.8074107050231751) np.float64(-0.5660567255922975)
  np.float64(0.16633621621795425)]]"
4,2,-0.21566836670052147,0.0036891767972078693,2.473035782642206,1.227207974898915e-06,8.571279539520445,"[[np.float64(0.1734380451987891) np.float64(0.0)
  np.float64(-0.984844781921305)]
 [np.float64(0.6092347218931232) np.float64(0.7856982909450939)
  np.float64(0.107290490006185)]
 [np.float64(0.6923359016088265) np.float64(-0.7189722645787979)
  np.float64(0.061236280993610795)]]"
4,2,4.711150043418614,0.0036098079673616244,2.3868774033899003,1.2616952519446973e-06,4.487370971107413,"[[np.float64(0.1734380451987891) np.float64(0.0)
  np.float64(-0.984844781921305)]
 [np.float64(0.6092347218931232) np.float64(0.7856982909450939)
  np.float64(0.107290490006185)]
 [np.float64(0.7225149809554972) np.float64(-0.6777840023790186)
  np.float64(0.1363119525718712)]]"
4,2,-4.327211458665362,0.0038290916239211675,2.491423379448384,1.107267734187323e-06,6.357106132291532,"[[np.float64(0.1734380451987891) np.float64(0.0)
  np.float64(-0.984844781921305)]
 [np.float64(0.6092347218931232) np.float64(0.7856982909450939)
  np.float64(0.107290490006185)]
 [np.float64(0.754687016671713) np.float64(-0.6086039711059005)
  np.float64(0.24504838955046854)]]"
4,2,-8.110702798256533,0.003956408999457189,2.588456500179156,1.2877546368022088e-06,0.4880248954823181,"[[np.float64(0.1734380451987891) np.float64(0.0)
  np.float64(-0.984844781921305)]
 [np.float64(0.6092347218931232) np.float64(0.7856982909450939)
  np.float64(0.107290490006185)]
 [np.float64(0.7759412261800368) np.float64(-0.6143123031406738)
  np.float64(0.14330250424965382)]]"
4,2,-5.439930059101924,0.0032665338257392316,2.6299460888048,1.3070382524923171e-06,1.9594520286161194,"[[np.float64(0.1734380451987891) np.float64(0.0)
  np.float64(-0.984844781921305)]
 [np.float64(0.6092347218931232) np.float64(0.7856982909450939)
  np.float64(0.107290490006185)]
 [np.float64(0.7923628822012434) np.float64(-0.5990684519017816)
  np.float64(0.11523043367852652)]]"
4,2,1.496501548305094,0.0034024687147136824,2.2508645806847096,1.2485389407404722e-06,5.684604366569919,"[[np.float64(0.1734380451987891) np.float64(0.0)
  np.float64(-0.984844781921305)]
 [np.float64(0.6092347218931232) np.float64(0.7856982909450939)
  np.float64(0.107290490006185)]
 [np.float64(0.8320960059581657) np.float64(-0.5384519626524407)
  np.float64(0.1329876715496704)]]"
4,3,6.388906070053029,0.0037302186027437702,2.439718286231589,1.1689482382305001e-06,2.9019187187867255,"[[np.float64(-0.04628832297761602) np.float64(0.0)
  np.float64(0.9989281211157887)]
 [np.float64(-0.07374588750612608) np.float64(0.9972712101388714)
  np.float64(-0.003417236322611069)]
 [np.float64(-0.9924245812733352) np.float64(-0.12009076316360129)
  np.float64(-0.025916386461637717)]]"
4,3,3.6629585781334555,0.003363534900647472,2.319687911886611,1.2701466043586162e-06,1.284590599470432,"[[np.float64(-0.04628832297761602) np.float64(0.0)
  np.float64(0.9989281211157887)]
 [np.float64(-0.07374588750612608) np.float64(0.9972712101388714)
  np.float64(-0.003417236322611069)]
 [np.float64(-0.9969961800059177) np.float64(-0.05363397503398884)
  np.float64(-0.05587498345110537)]]"
4,3,-3.0575269106650182,0.0037740218975632275,2.3386950155868145,1.2093367551849884e-06,7.649235514396484,"[[np.float64(-0.04628832297761602) np.float64(0.0)
  np.float64(0.9989281211157887)]
 [np.float64(-0.07374588750612608) np.float64(0.9972712101388714)
  np.float64(-0.003417236322611069)]
 [np.float64(-0.9948175552057916) np.float64(-0.05450891477316726)
  np.float64(0.08583012329376719)]]"
4,3,8.894739676169085,0.0035983291868098705,2.2858546858268274,1.1264133437545814e-06,5.483077253280367,"[[np.float64(-0.04628832297761602) np.float64(0.0)
  np.float64(0.9989281211157887)]
 [np.float64(-0.07374588750612608) np.float64(0.9972712101388714)
  np.float64(-0.003417236322611069)]
 [np.float64(-0.9866121493658269) np.float64(-0.08195990640022767)
  np.float64(-0.1409930511288026)]]"
4,3,0.7801693050963561,0.0033303673227222013,2.543647837759757,1.3517302272819755e-06,3.0867190890846112,"[[np.float64(-0.04628832297761602) np.float64(0.0)
  np.float64(0.9989281211157887)]
 [np.float64(-0.07374588750612608) np.float64(0.9972712101388714)
  np.float64(-0.003417236322611069)]
 [np.float64(-0.9991350449804485) np.float64(-0.04145969666253124)
  np.float64(-0.0032024123045250666)]]"
4,3,-6.12799102944491,0.003484799325903798,2.6688672998685625,1.292828223293288e-06,7.130653563630656,"[[np.float64(-0.04628832297761602) np.float64(0.0)
  np.float64(0.9989281211157887)]
 [np.float64(-0.07374588750612608) np.float64(0.9972712101388714)
  np.float64(-0.003417236322611069)]
 [np.float64(-0.9779625570837022) np.float64(-0.16074425777140083)
  np.float64(-0.13323107946657198)]]"
4,3,-1.7779018824420376,0.0036693221332369337,2.3781911432820624,1.3386795805843647e-06,6.844490976825057,"[[np.float64(-0.04628832297761602) np.float64(0.0)
  np.float64(0.9989281211157887)]
 [np.float64(-0.07374588750612608) np.float64(0.9972712101388714)
  np.float64(-0.003417236322611069)]
 [np.float64(-0.9977451080394447) np.float64(-0.024424764580279652)
  np.float64(0.0625150402587624)]]"
4,3,7.866220367143768,0.003882320771095066,2.2345483080668473,1.324101987663163e-06,9.944365746008039,"[[np.float64(-0.04628832297761602) np.float64(0.0)
  np.float64(0.9989281211157887)]
 [np.float64(-0.07374588750612608) np.float64(0.9972712101388714)
  np.float64(-0.003417236322611069)]
 [np.float64(-0.9786854964781936) np.float64(-0.18768196079269403)
  np.float64(0.0833677430199555)]]"
4,3,9.84495057027113,0.0034286581213464925,2.521655560247508,1.236608328334625e-06,4.6543000171528375,"[[np.float64(-0.04628832297761602) np.float64(0.0)
  np.float64(0.9989281211157887)]
 [np.float64(-0.07374588750612608) np.float64(0.9972712101388714)
  np.float64(-0.003417236322611069)]
 [np.float64(-0.9867691471352286) np.float64(-0.11202839073127194)
  np.float64(-0.11720191949014684)]]"
4,3,5.305305966342406,0.0038934565212212237,2.409269045493121,1.1880610966719637e-06,0.8396930621257952,"[[np.float64(-0.04628832297761602) np.float64(0.0)
  np.float64(0.9989281211157887)]
 [np.float64(-0.07374588750612608) np.float64(0.9972712101388714)
  np.float64(-0.003417236322611069)]
 [np.float64(-0.9958108500809102) np.float64(-0.08415050495509882)
  np.float64(-0.035769307750318974)]]"
4,3,-9.903314820662594,0.0033094446645775145,2.5562345251225316,1.1589918187145466e-06,9.052415500420674,"[[np.float64(-0.04628832297761602) np.float64(0.0)
  np.float64(0.9989281211157887)]
 [np.float64(-0.07374588750612608) np.float64(0.9972712101388714)
  np.float64(-0.003417236322611069)]
 [np.float64(-0.9924221579619693) np.float64(0.07558820583305037)
  np.float64(-0.09687457625738617)]]"
4,3,-2.7156421635982966,0.003788630390543269,2.2640954744947592,1.1471156799398873e-06,2.1796489428267103,"[[np.float64(-0.04628832297761602) np.float64(0.0)
  np.float64(0.9989281211157887)]
 [np.float64(-0.07374588750612608) np.float64(0.9972712101388714)
  np.float64(-0.003417236322611069)]
 [np.float64(-0.9964997502053962) np.float64(-0.08308054855780417)
  np.float64(-0.009266622465458965)]]"
4,3,-7.448506221127725,0.0034989650273189628,2.613512346902357,1.2010728645215974e-06,8.30125403897825,"[[np.float64(-0.04628832297761602) np.float64(0.0)
  np.float64(0.9989281211157887)]
 [np.float64(-0.07374588750612608) np.float64(0.9972712101388714)
  np.float64(-0.003417236322611069)]
 [np.float64(-0.9949180168749353) np.float64(0.06821258798100321)
  np.float64(-0.07406201819137763)]]"
4,3,2.4531299799615525,0.003528446775707829,2.209930786339914,1.1433092893541062e-06,3.968751651728446,"[[np.float64(-0.04628832297761602) np.float64(0.0)
  np.float64(0.9989281211157887)]
 [np.float64(-0.07374588750612608) np.float64(0.9972712101388714)
  np.float64(-0.003417236322611069)]
 [np.float64(-0.9961633725558761) np.float64(-0.017060272394706234)
  np.float64(-0.08583403919146171)]]"
4,3,-0.21566836670052147,0.0036891767972078693,2.473035782642206,1.227207974898915e-06,8.571279539520445,"[[np.float64(-0.04628832297761602) np.float64(0.0)
  np.float64(0.9989281211157887)]
 [np.float64(-0.07374588750612608) np.float64(0.9972712101388714)
  np.float64(-0.003417236322611069)]
 [np.float64(-0.9907343084043053) np.float64(0.05300207218964921)
  np.float64(-0.12504523379259974)]]"
4,3,4.711150043418614,0.0036098079673616244,2.3868774033899003,1.2616952519446973e-06,4.487370971107413,"[[np.float64(-0.04628832297761602) np.float64(0.0)
  np.float64(0.9989281211157887)]
 [np.float64(-0.07374588750612608) np.float64(0.9972712101388714)
  np.float64(-0.003417236322611069)]
 [np.float64(-0.9908537881232098) np.float64(-0.05680357629378932)
  np.float64(-0.12240148807151319)]]"
4,3,-4.327211458665362,0.0038290916239211675,2.491423379448384,1.107267734187323e-06,6.357106132291532,"[[np.float64(-0.04628832297761602) np.float64(0.0)
  np.float64(0.9989281211157887)]
 [np.float64(-0.07374588750612608) np.float64(0.9972712101388714)
  np.float64(-0.003417236322611069)]
 [np.float64(-0.9890759062251793) np.float64(-0.024693381999431614)
  np.float64(-0.14532408131576355)]]"
4,3,-8.110702798256533,0.003956408999457189,2.588456500179156,1.2877546368022088e-06,0.4880248954823181,"[[np.float64(-0.04628832297761602) np.float64(0.0)
  np.float64(0.9989281211157887)]
 [np.float64(-0.07374588750612608) np.float64(0.9972712101388714)
  np.float64(-0.003417236322611069)]
 [np.float64(-0.9966821512513819) np.float64(-0.06557295365756513)
  np.float64(-0.04821697963933745)]]"
4,3,-5.439930059101924,0.0032665338257392316,2.6299460888048,1.3070382524923171e-06,1.9594520286161194,"[[np.float64(-0.04628832297761602) np.float64(0.0)
  np.float64(0.9989281211157887)]
 [np.float64(-0.07374588750612608) np.float64(0.9972712101388714)
  np.float64(-0.003417236322611069)]
 [np.float64(-0.9926857825021581) np.float64(-0.09917026981478488)
  np.float64(-0.06884907263675245)]]"
4,3,1.496501548305094,0.0034024687147136824,2.2508645806847096,1.2485389407404722e-06,5.684604366569919,"[[np.float64(-0.04628832297761602) np.float64(0.0)
  np.float64(0.9989281211157887)]
 [np.float64(-0.07374588750612608) np.float64(0.9972712101388714)
  np.float64(-0.003417236322611069)]
 [np.float64(-0.9996092905338485) np.float64(0.021251762294123774)
  np.float64(-0.018155684448952592)]]"
