twist,youngs_modulus,base_radius,density,coner_angle,tgt_dir
78.10003092609549,0.0075077732534297136,2.5879985894910202,2.3425101898558536e-06,1.8901918718786725,"[[np.float64(0.6396210109628756) np.float64(0.762538917650125)
  np.float64(-0.09705339460217216)]
 [np.float64(-0.07479270507471691) np.float64(0.1873953977786709)
  np.float64(0.9794330074890166)]
 [np.float64(0.7538848081167855) np.float64(-0.6389570910481458)
  np.float64(0.15294290401979768)]]"
-85.20667455935978,0.005924418625809341,4.249208157931367,3.436953220341972e-07,4.978459059947044,"[[np.float64(-0.5636484065713493) np.float64(-0.80484703655376)
  np.float64(-0.18580021937610747)]
 [np.float64(0.3120338370738067) np.float64(0.0008025874953970433)
  np.float64(-0.9500706502015045)]
 [np.float64(0.8095353656182258) np.float64(-0.5568809501329312)
  np.float64(0.18583890656267182)]]"
-90.10354843919703,0.002342527371954035,2.3248518646805056,2.1224808595601494e-06,3.4649235514396484,"[[np.float64(-0.6404154070039599) np.float64(-0.7594643146934332)
  np.float64(-0.11437683847346947)]
 [np.float64(0.22991526776459412) np.float64(-0.047482264645872206)
  np.float64(-0.9720516468752236)]
 [np.float64(0.7725079856943853) np.float64(-0.604320413551261)
  np.float64(0.1950083326518036)]]"
179.81053141710436,0.0061279114835123384,1.6013618813389527,2.5320964888263533e-06,4.798307725328036,"[[np.float64(-0.03974702846506159) np.float64(-0.0996817400623395)
  np.float64(0.9942251879862739)]
 [np.float64(-0.6016497030923391) np.float64(-0.7920310523811381)
  np.float64(-0.1034622966733619)]
 [np.float64(0.7886272686226955) np.float64(-0.6124868202718643)
  np.float64(0.05410107372287702)]]"
86.00430474917346,0.008492959153402754,2.193537315028607,7.44554730239647e-07,6.20867190890846,"[[np.float64(0.5395774508111951) np.float64(0.8418321302394041)
  np.float64(0.013222672675358801)]
 [np.float64(-0.2120226352114544) np.float64(0.12066474545370345)
  np.float64(0.9697867917035082)]
 [np.float64(0.7513692584305429) np.float64(-0.6138561099515113)
  np.float64(0.242125822168422)]]"
152.76961614699917,0.0048609991573797485,3.576598600714866,2.7355117988704095e-06,7.113065356363066,"[[np.float64(-0.023540817839325212) np.float64(0.4573947425860833)
  np.float64(0.8889521243295762)]
 [np.float64(-0.4894622640317772) np.float64(-0.7806083463144299)
  np.float64(0.38868663696239636)]
 [np.float64(0.8171326343138802) np.float64(-0.5343191393096072)
  np.float64(0.21632687143926282)]]"
-104.00022338839567,0.0062616526665461684,3.1173589656642493,2.6770033562448006e-07,8.634449097682506,"[[np.float64(-0.49538813339729343) np.float64(-0.8541812391896599)
  np.float64(0.1580031895423717)]
 [np.float64(0.1645565582644992) np.float64(-0.2708753941577869)
  np.float64(-0.948444863959949)]
 [np.float64(0.8589372990906486) np.float64(-0.4944834148897922)
  np.float64(0.13308970144151472)]]"
64.55919666085879,0.007832900963868834,2.8191344099315616,9.651079534377464e-07,5.5444365746008035,"[[np.float64(0.656796875516215) np.float64(0.681782682135784)
  np.float64(-0.3221649246145119)]
 [np.float64(0.035882516843669256) np.float64(0.3984943089816731)
  np.float64(0.916468619590536)]
 [np.float64(0.711820052806363) np.float64(-0.679056188452791)
  np.float64(0.17942938819132795)]]"
-54.279088973511975,0.004250822651683117,3.9954366751008297,1.1875216745272155e-06,7.365430001715283,"[[np.float64(-0.303202052312556) np.float64(-0.7002106107951526)
  np.float64(-0.6463540949072216)]
 [np.float64(0.5288511163269566) np.float64(0.4405964653379732)
  np.float64(-0.725390413151026)]
 [np.float64(0.8478523487211711) np.float64(-0.513773760682461)
  np.float64(0.13108362827674314)]]"
166.14955073941633,0.00528182065152653,1.2829374860025686,1.328264662878658e-06,5.383969306212579,"[[np.float64(0.0663240680220605) np.float64(0.10623932343558781)
  np.float64(0.9921261634272899)]
 [np.float64(-0.7358374971248068) np.float64(-0.6663423786087046)
  np.float64(0.12054464855477257)]
 [np.float64(0.7318337520298978) np.float64(-0.677227135225055)
  np.float64(0.07604450476337808)]]"
-120.42596667719268,0.0032918058307218937,2.163896728495911,2.451776798376954e-07,1.9052415500420672,"[[np.float64(-0.6437860765762913) np.float64(-0.6527709658075636)
  np.float64(0.39928630555676003)]
 [np.float64(-0.1268492548156271) np.float64(-0.4235427407865156)
  np.float64(-0.8969508421757384)]
 [np.float64(0.7735455429677404) np.float64(-0.610898295164644)
  np.float64(0.16861365875775056)]]"
162.5118441055231,0.005960787988179087,1.2434530654277853,2.765660123508815e-06,7.867964894282672,"[[np.float64(0.22233835718864325) np.float64(0.08171026696654785)
  np.float64(0.9715395448436006)]
 [np.float64(-0.5642915216534182) np.float64(-0.8018309723490782)
  np.float64(0.1965761185185055)]
 [np.float64(0.8042612905650497) np.float64(-0.5942571214017103)
  np.float64(0.00471700773731526)]]"
-69.2073111980299,0.0010537062841487037,4.0110389686439145,2.4070748051465335e-06,9.680125403897824,"[[np.float64(-0.4061906983404769) np.float64(-0.7950585310179807)
  np.float64(-0.4504342891446059)]
 [np.float64(0.2598744808445113) np.float64(0.3720683501682606)
  np.float64(-0.8910838327614661)]
 [np.float64(0.7980250368265622) np.float64(-0.6018825622912416)
  np.float64(-0.02989016238988873)]]"
-31.584366036069213,0.0031605584696347863,2.0188730751768844,2.005327646419308e-06,2.2468751651728445,"[[np.float64(-0.18037549099311015) np.float64(-0.40366151521223204)
  np.float64(-0.8969515390396292)]
 [np.float64(0.6233884756808747) np.float64(0.6584550006098191)
  np.float64(-0.42169161784436576)]
 [np.float64(0.7590841140100768) np.float64(-0.6280291190578933)
  np.float64(0.17137891781926773)]]"
-160.58820306006095,0.005026470996509838,3.6554203972363837,4.768220852507975e-07,7.707127953952044,"[[np.float64(-0.31824819462803544) np.float64(-0.29320538925620887)
  np.float64(0.9015257546665602)]
 [np.float64(-0.2981753702308124) np.float64(-0.8717465751370552)
  np.float64(-0.3887793169968436)]
 [np.float64(0.8496063896258987) np.float64(-0.507795372597884)
  np.float64(0.14252312891254448)]]"
4.880070078153523,0.0024522599592020303,3.0445081509381895,1.7340758965224201e-06,0.14873709711074123,"[[np.float64(0.22454565878827668) np.float64(0.06691240650528792)
  np.float64(-0.9721635546424326)]
 [np.float64(0.5924164619601958) np.float64(0.7827344779333351)
  np.float64(0.1907078201149422)]
 [np.float64(0.7750588624474891) np.float64(-0.6174465091409337)
  np.float64(0.13432634920699363)]]"
10.211019374402355,0.00574136452990146,1.2305542217682173,4.3830473809939226e-07,3.3357106132291534,"[[np.float64(0.2803955750845754) np.float64(0.13756742111388695)
  np.float64(-0.9499755397488215)]
 [np.float64(0.5611049833374633) np.float64(0.7794880909797847)
  np.float64(0.27849508737957285)]
 [np.float64(0.7516212620682526) np.float64(-0.6321253367592254)
  np.float64(0.18836941639757498)]]"
17.800734963138268,0.004820511249321486,1.1504168725754371,1.693736984978124e-06,3.5488024895482315,"[[np.float64(0.3640676153873965) np.float64(0.22920362169863837)
  np.float64(-0.902729456274892)]
 [np.float64(0.5341637539719475) np.float64(0.7426119105321868)
  np.float64(0.40397603181170544)]
 [np.float64(0.7485911590621723) np.float64(-0.656319963528626)
  np.float64(0.09410303952443186)]]"
19.008125893616523,0.0028331672821740395,4.864564682143868,2.0936858158449144e-06,2.045945202861612,"[[np.float64(0.3703894074818829) np.float64(0.24922136510554657)
  np.float64(-0.894818639725474)]
 [np.float64(0.5237371146497474) np.float64(0.7395702189416572)
  np.float64(0.42277100893148617)]
 [np.float64(0.7595237051788402) np.float64(-0.6407385712171219)
  np.float64(0.11215090113792113)]]"
0.8937027869491772,0.006513085893392103,3.612563440892765,8.791012333631393e-07,2.8684604366569917,"[[np.float64(0.18262421361049458) np.float64(0.012465889421056612)
  np.float64(-0.9831037575983983)]
 [np.float64(0.6059253878698458) np.float64(0.7860292270433684)
  np.float64(0.12252542009061484)]
 [np.float64(0.7792135735953715) np.float64(-0.5996646405158841)
  np.float64(0.18228693216927638)]]"
-65.45992191012171,0.004772216630412735,3.178137594544215,2.2716110460560084e-06,9.098317401877527,"[[np.float64(-0.5126567641537072) np.float64(-0.6788121808479508)
  np.float64(-0.5257347860850559)]
 [np.float64(0.5352151719750885) np.float64(0.22613794172538468)
  np.float64(-0.8138834996483729)]
 [np.float64(0.7640585847599798) np.float64(-0.5768052366358127)
  np.float64(0.28898131089065426)]]"
11.529122696829972,0.004691769603561335,2.7430443776685767,1.405922745592417e-06,7.847212718137281,"[[np.float64(0.30752431947799463) np.float64(0.14178993169934115)
  np.float64(-0.9409167913255094)]
 [np.float64(0.575335826603998) np.float64(0.7599019713137877)
  np.float64(0.3025519469765708)]
 [np.float64(0.7209214028409099) np.float64(-0.6921964664266398)
  np.float64(0.03371027725143513)]]"
157.40400932946488,0.009349169287486823,2.863537369515962,1.2370455985844091e-06,1.4847450539540814,"[[np.float64(0.03703765924160786) np.float64(0.3306273391193406)
  np.float64(0.9430343442445599)]
 [np.float64(-0.6147445753843674) np.float64(-0.7364577204917369)
  np.float64(0.28234576845351955)]
 [np.float64(0.7782233049601545) np.float64(-0.6074630663011196)
  np.float64(0.1592391619449698)]]"
-7.136569375482708,0.006419637374458468,1.3258556341649688,2.5619813399441118e-06,0.6220663733109524,"[[np.float64(0.09541501391574121) np.float64(-0.09680891784346805)
  np.float64(-0.9907189351907209)]
 [np.float64(0.626380155948025) np.float64(0.7793569949303968)
  np.float64(-0.015829551086156395)]
 [np.float64(0.7668989874911397) np.float64(-0.6265195155607519)
  np.float64(0.13906559461845952)]]"
-35.821584103697035,0.00976104789761129,1.1721912728524333,2.215877126634712e-06,9.870570092246037,"[[np.float64(-0.2597629467092665) np.float64(-0.4168802188556124)
  np.float64(-0.8710534396027695)]
 [np.float64(0.5297778157716048) np.float64(0.6926362985424148)
  np.float64(-0.489479748158931)]
 [np.float64(0.6959006048369806) np.float64(-0.7178789251934363)
  np.float64(0.019292406553910027)]]"
149.4051573927129,0.005331116607186256,3.4789154047359108,2.2468813175761877e-06,2.751785136813881,"[[np.float64(0.22815236628304328) np.float64(0.343235923085598)
  np.float64(0.9111177744194354)]
 [np.float64(-0.6333661164682775) np.float64(-0.658403970670832)
  np.float64(0.40663444752599914)]
 [np.float64(0.7641894407217954) np.float64(-0.6381817660052037)
  np.float64(0.09348011675104613)]]"
139.9523083835694,0.0036966567585934034,2.1312200234279155,1.2322382529077992e-06,8.597144222058704,"[[np.float64(0.03676814282222568) np.float64(0.6588068018150551)
  np.float64(0.7514131364007572)]
 [np.float64(-0.5530954011050339) np.float64(-0.6128366037374932)
  np.float64(0.5643729036691577)]
 [np.float64(0.7817467835302243) np.float64(-0.5601384279563159)
  np.float64(0.274074639408275)]]"
116.9338721640778,0.007296130317589215,3.4463483947083025,2.1104022814798995e-06,9.132390123843146,"[[np.float64(0.45887987471959385) np.float64(0.7142156175050804)
  np.float64(0.5285123577449883)]
 [np.float64(-0.61780183352611) np.float64(-0.17101643913281214)
  np.float64(0.7675117406516396)]
 [np.float64(0.6689898657874415) np.float64(-0.7129089991427922)
  np.float64(0.21026963265037463)]]"
79.25406938380956,0.003768902133896586,3.090179417914709,1.1974392873675e-06,9.961210965944016,"[[np.float64(0.6928300757871564) np.float64(0.7173936879014338)
  np.float64(-0.07302590392417921)]
 [np.float64(-0.1983228572277258) np.float64(0.2869326582917726)
  np.float64(0.9371967210285406)]
 [np.float64(0.6552960891059522) np.float64(-0.7284535879633423)
  np.float64(0.19985596259751026)]]"
-92.66460170607294,0.004052498867018316,4.910822736603444,7.68460102082855e-07,5.0594774767882384,"[[np.float64(-0.7005645502427579) np.float64(-0.7086744038402308)
  np.float64(-0.08360562352411369)]
 [np.float64(0.18731473500842474) np.float64(-0.06957571291241797)
  np.float64(-0.9798328481029059)]
 [np.float64(0.7392581401234086) np.float64(-0.6381352145659168)
  np.float64(0.21512984495924814)]]"
-95.86476790793958,0.0014877116734488592,1.0697864326648774,2.7223211240980527e-06,7.776908010983603,"[[np.float64(-0.6707865418935416) np.float64(-0.7410385280969276)
  np.float64(-0.0301216714417225)]
 [np.float64(0.25639831994300355) np.float64(-0.19359828343921362)
  np.float64(-0.9469844804323856)]
 [np.float64(0.7857816278873135) np.float64(-0.5617477301846485)
  np.float64(0.25881793003414383)]]"
-179.16169581336752,0.0018424777619720466,1.7424519865751151,2.5091455274615837e-06,7.912711861523176,"[[np.float64(-0.35330232126917555) np.float64(0.14972550496560316)
  np.float64(0.9234499136112404)]
 [np.float64(-0.698517155879752) np.float64(-0.6988397676780945)
  np.float64(-0.1539375264621619)]
 [np.float64(0.7052076030696239) np.float64(-0.6646572985851685)
  np.float64(0.24680541325153743)]]"
114.28798678628942,0.00600542081620123,2.236513459199236,2.397960427969281e-07,5.913586415121261,"[[np.float64(0.48015943764590113) np.float64(0.7219264445434662)
  np.float64(0.4982661167573025)]
 [np.float64(-0.2666177676127796) np.float64(-0.4210439183866078)
  np.float64(0.8669700022393103)]
 [np.float64(0.832790984999644) np.float64(-0.5456555015555207)
  np.float64(0.09337691859081722)]]"
117.46094045564945,0.0027424527636062384,4.719719970011182,1.757273344661897e-06,1.31037352883,"[[np.float64(0.49055529077879323) np.float64(0.6726213536938664)
  np.float64(0.5540180694200908)]
 [np.float64(-0.43267962295398876) np.float64(-0.36385360547912216)
  np.float64(0.8248629568966215)]
 [np.float64(0.7707134114281875) np.float64(-0.6266997136162108)
  np.float64(0.11510128756050124)]]"
54.30665645905509,0.008706502557513193,3.6337146373086164,9.084176922004916e-07,3.6551103775195926,"[[np.float64(0.6329725206374129) np.float64(0.6066410000332849)
  np.float64(-0.480970357918797)]
 [np.float64(0.19165340239605094) np.float64(0.4791426572918919)
  np.float64(0.8565578131762513)]
 [np.float64(0.732491342440743) np.float64(-0.6672058612299273)
  np.float64(0.13525077445171713)]]"
69.18421344093534,0.004229501562321911,2.7208774509130276,2.9555675819979176e-06,4.331710598815453,"[[np.float64(0.691904147949816) np.float64(0.6804636585605021)
  np.float64(-0.24132521506940707)]
 [np.float64(0.0756876134821568) np.float64(0.2640467403885216)
  np.float64(0.9615355968738611)]
 [np.float64(0.7538502082408652) np.float64(-0.6530861800821512)
  np.float64(0.07202988908021549)]]"
-25.077900262708027,0.00979221023646894,3.9475339482711576,1.9708691065755864e-06,4.564924267609119,"[[np.float64(-0.11521222478744356) np.float64(-0.3203933716538589)
  np.float64(-0.9402522165141648)]
 [np.float64(0.6029279921008487) np.float64(0.729695695643256)
  np.float64(-0.3225244612443276)]
 [np.float64(0.7460318804914211) np.float64(-0.6616434582757404)
  np.float64(0.07526199181095676)]]"
-125.58555113662976,0.002866288503607323,4.07376193000003,1.5825356386906791e-06,6.709291635103233,"[[np.float64(-0.4272352903456462) np.float64(-0.7558869007911709)
  np.float64(0.49608970952398296)]
 [np.float64(-0.23445629467808707) np.float64(-0.4372956841558262)
  np.float64(-0.8682181353234392)]
 [np.float64(0.8110792842106761) np.float64(-0.5841229955995598)
  np.float64(0.030833759681463097)]]"
-4.763915017511152,0.002561529720974267,2.3979751768751094,1.4849165672882136e-06,4.007711695425945,"[[np.float64(0.12403621860111565) np.float64(-0.06643459473054095)
  np.float64(-0.9900512416527364)]
 [np.float64(0.6256722488572216) np.float64(0.779650313617983)
  np.float64(0.02606962764075719)]
 [np.float64(0.7783068121656642) np.float64(-0.5945754752376212)
  np.float64(0.20178828108311586)]]"
-73.29252906842359,0.007461068472482394,3.583358076257135,1.386693379772355e-06,1.9816803528057516,"[[np.float64(-0.5268873749156939) np.float64(-0.7575282420817827)
  np.float64(-0.38540972562058334)]
 [np.float64(0.3099311385491861) np.float64(0.2509923500668958)
  np.float64(-0.9170308225820452)]
 [np.float64(0.7698999992895983) np.float64(-0.6296769045036297)
  np.float64(0.10373517739226051)]]"
-47.175378294541986,0.008194990124066714,2.9908627618216723,5.966730155299531e-07,1.2617650334532058,"[[np.float64(-0.32237988842959464) np.float64(-0.5813668386319919)
  np.float64(-0.7470500695904965)]
 [np.float64(0.5533457945891938) np.float64(0.5245709273372028)
  np.float64(-0.6470191448504757)]
 [np.float64(0.7818219660087327) np.float64(-0.6048277689622498)
  np.float64(0.15145224778255245)]]"
-38.12992757963525,0.001355711927911642,3.3465781269554076,2.8561545609272887e-06,7.293661946471347,"[[np.float64(-0.27363380054828845) np.float64(-0.4499830687749531)
  np.float64(-0.8500822201489543)]
 [np.float64(0.6374035806031357) np.float64(0.5770420241609544)
  np.float64(-0.5106262603769318)]
 [np.float64(0.7232590727112264) np.float64(-0.6436173520884546)
  np.float64(0.2503058485763832)]]"
-168.0744661637143,0.002358670831306529,1.798559455048717,1.1017703314680078e-06,1.024461584138145,"[[np.float64(-0.28642848534658405) np.float64(-0.16993441164128933)
  np.float64(0.9429109282016994)]
 [np.float64(-0.5858893751869048) np.float64(-0.7476247983148531)
  np.float64(-0.31271520747762427)]
 [np.float64(0.7651899841945946) np.float64(-0.6311745917147857)
  np.float64(0.12689729257139384)]]"
-56.0885559554234,0.007652788035299887,2.5045892581002636,1.7497699363499908e-06,1.5554947245776969,"[[np.float64(-0.4034516411182643) np.float64(-0.6561546449427862)
  np.float64(-0.6377208285754711)]
 [np.float64(0.5028802556789063) np.float64(0.42325552819459994)
  np.float64(-0.753635327131782)]
 [np.float64(0.7814800564782671) np.float64(-0.6036951370192415)
  np.float64(0.15761060518265835)]]"
146.4814957033156,0.003309710112362499,2.049837417053243,2.7554033210907566e-06,2.136555254786709,"[[np.float64(0.22227564118319046) np.float64(0.41084321950445557)
  np.float64(0.8841953338057237)]
 [np.float64(-0.5561852983298625) np.float64(-0.6914168849434904)
  np.float64(0.46108633154406337)]
 [np.float64(0.7929737500376853) np.float64(-0.5990657244062102)
  np.float64(0.11096346062030166)]]"
154.25119431157123,0.008522050417206647,2.532874790351408,2.770249381297005e-07,5.470258345680804,"[[np.float64(0.24288409095404886) np.float64(0.22390664246435937)
  np.float64(0.9438607597637285)]
 [np.float64(-0.6616135805757692) np.float64(-0.673333375332323)
  np.float64(0.32998429608284563)]
 [np.float64(0.75682550107494) np.float64(-0.6518210143076681)
  np.float64(0.04842030802864582)]]"
-18.62557829245725,0.007701412049835163,3.55012527565575,1.336075460654416e-06,2.302594173976572,"[[np.float64(-0.03232629813712528) np.float64(-0.24891091327618597)
  np.float64(-0.9679867600854697)]
 [np.float64(0.6424766749729952) np.float64(0.73671327851233)
  np.float64(-0.21089634273561542)]
 [np.float64(0.7646018671189582) np.float64(-0.6201881655464084)
  np.float64(0.17535855871437733)]]"
-29.85012941038204,0.0024227161686606216,3.776674559635117,6.393127060182646e-07,3.917337730608727,"[[np.float64(-0.17361054529430295) np.float64(-0.37323045453808146)
  np.float64(-0.9113497716946616)]
 [np.float64(0.5979671874105318) np.float64(0.6953359564069507)
  np.float64(-0.3986767493947562)]
 [np.float64(0.7384555830629334) np.float64(-0.6664539304958452)
  np.float64(0.10257928821074125)]]"
125.44462673076771,0.008590220044713999,1.957848352196882,2.1184161136494112e-07,0.531821168372245,"[[np.float64(0.3953970466101046) np.float64(0.6404048368268743)
  np.float64(0.6584396863044871)]
 [np.float64(-0.5072824339402161) np.float64(-0.44535500136975814)
  np.float64(0.73778279660794)]
 [np.float64(0.7680300077901895) np.float64(-0.6249648573362095)
  np.float64(0.13981714568869225)]]"
-147.40789919438924,0.009710745319194435,2.844486066878349,9.949024352578187e-07,1.2253169307719056,"[[np.float64(-0.502284175599848) np.float64(-0.4007821628741864)
  np.float64(0.7662142421437168)]
 [np.float64(-0.4051188808507651) np.float64(-0.6737648087647661)
  np.float64(-0.6179965006765022)]
 [np.float64(0.7725638855510204) np.float64(-0.6151346275219881)
  np.float64(0.15733541484896282)]]"
-0.42666321382463934,0.002093168224240981,1.4990656694988844,5.598047947038871e-07,4.266840431376878,"[[np.float64(0.16897258130655304) np.float64(-0.005885348362699636)
  np.float64(-0.985603180514983)]
 [np.float64(0.610929760068246) np.float64(0.7853375518521772)
  np.float64(0.10004877767261411)]
 [np.float64(0.7657709865379146) np.float64(-0.6080233452982309)
  np.float64(0.2095290140985195)]]"
20.87010954337532,0.008332387144579553,2.7040040142486443,2.817348198767582e-06,7.5755596765958995,"[[np.float64(0.3815413944556456) np.float64(0.2742534695412265)
  np.float64(-0.8827294029097712)]
 [np.float64(0.5447471021291204) np.float64(0.7048013456522028)
  np.float64(0.4544289360161496)]
 [np.float64(0.7954311174300428) np.float64(-0.606008688936703)
  np.float64(0.0065426567395827084)]]"
171.43640550318457,0.009922819853229695,2.6997347618438368,2.66560720886765e-06,3.5554792008174902,"[[np.float64(-0.09422673996343067) np.float64(0.12678406535176678)
  np.float64(0.9874447438964588)]
 [np.float64(-0.5290225879813761) np.float64(-0.8466082986934799)
  np.float64(0.05821932659193746)]
 [np.float64(0.809350723625158) np.float64(-0.5687862282590365)
  np.float64(0.14640229748980246)]]"
73.40469220817161,0.003468365648962659,3.8046305466716355,1.678082064252702e-06,9.820056751998997,"[[np.float64(0.7712200047368306) np.float64(0.6170447560993501)
  np.float64(-0.1564463910226654)]
 [np.float64(-0.025990805500764172) np.float64(0.27608298088656635)
  np.float64(0.9607823196199071)]
 [np.float64(0.6739423835585714) np.float64(-0.736175508357413)
  np.float64(0.06202648255460086)]]"
44.79493990369545,0.0016941945948254324,4.563999733230084,3.6718086218843136e-07,0.339642873603862,"[[np.float64(0.5533117223319514) np.float64(0.5527802382201601)
  np.float64(-0.6231212932995572)]
 [np.float64(0.31348827341834096) np.float64(0.5548774469387232)
  np.float64(0.7706076312287284)]
 [np.float64(0.7751737999694912) np.float64(-0.6181167638886496)
  np.float64(0.13052680200128558)]]"
76.52262700123032,0.007950088565004239,3.121648670309829,5.666436017002064e-07,3.1692458654748985,"[[np.float64(0.5835934942244126) np.float64(0.8006174381834468)
  np.float64(-0.13575842948235295)]
 [np.float64(-0.04837546578859109) np.float64(0.20116054195631528)
  np.float64(0.9783630464554444)]
 [np.float64(0.7794283029758656) np.float64(-0.5978610713456921)
  np.float64(0.1872262265003049)]]"
143.22031946302747,0.005114521642002634,1.5668752202471032,1.5316378602863594e-06,8.913872260424977,"[[np.float64(0.4140862783089727) np.float64(0.2862531020132386)
  np.float64(0.8640553892569749)]
 [np.float64(-0.6804728814799745) np.float64(-0.5331256381143444)
  np.float64(0.5027262789585537)]
 [np.float64(0.7170579643903419) np.float64(-0.6968614507776548)
  np.float64(0.014560018009665207)]]"
-107.13223316462414,0.0080869381162721,3.939346341816281,2.2381624003734085e-06,6.844084251545027,"[[np.float64(-0.7365129541373361) np.float64(-0.655051773431177)
  np.float64(0.16868859627302638)]
 [np.float64(-0.1024722660407215) np.float64(-0.1384548280175659)
  np.float64(-0.9850531433842064)]
 [np.float64(0.6930326338006219) np.float64(-0.7060149990466315)
  np.float64(0.14576895968812503)]]"
97.35356080166588,0.004658191661615803,4.2981491578032776,2.9327799499988307e-06,9.910135838219784,"[[np.float64(0.3780444766915774) np.float64(0.90641810676762)
  np.float64(0.1883841537040599)]
 [np.float64(-0.17021204314257904) np.float64(-0.13196479310698986)
  np.float64(0.9765311842176155)]
 [np.float64(0.838998375078414) np.float64(-0.4915227533703125)
  np.float64(0.23342474062328566)]]"
-61.96589146287215,0.0018668331217807066,2.76993983779084,2.430644727240815e-06,8.146612684614993,"[[np.float64(-0.45245601260581814) np.float64(-0.6900661564886938)
  np.float64(-0.5648825155072208)]
 [np.float64(0.3261782660217677) np.float64(0.46148150564779655)
  np.float64(-0.8250106415798986)]
 [np.float64(0.7428777478959765) np.float64(-0.6693879478076308)
  np.float64(0.007240649894236784)]]"
99.10956107725013,0.005491098868790899,2.900368226595515,5.365964963866107e-07,7.211893070705972,"[[np.float64(0.7119757515008531) np.float64(0.6471036821334895)
  np.float64(0.27266711177565095)]
 [np.float64(-0.24126872529951165) np.float64(-0.13923132850497777)
  np.float64(0.9604186791993833)]
 [np.float64(0.7462729071856818) np.float64(-0.6652517002368143)
  np.float64(0.022735948026386427)]]"
-110.07917057164119,0.003385895166941289,1.986784280596253,2.2740343637924357e-06,5.6553738804807585,"[[np.float64(-0.4997349878980046) np.float64(-0.8284169507213508)
  np.float64(0.2529630360904934)]
 [np.float64(-0.03057021420490051) np.float64(-0.2749946830038745)
  np.float64(-0.9609596174257611)]
 [np.float64(0.8220839695646178) np.float64(-0.5651913176793517)
  np.float64(0.06882384328674779)]]"
32.94442988393385,0.008980749319946791,4.413090653218557,1.7180490837894501e-06,5.846193103589324,"[[np.float64(0.48438323454784193) np.float64(0.41808518976020986)
  np.float64(-0.768490504945988)]
 [np.float64(0.4612618812573644) np.float64(0.6243583403225376)
  np.float64(0.6304079153759123)]
 [np.float64(0.7927166668506956) np.float64(-0.608492801599758)
  np.float64(0.03656222775489433)]]"
24.455614169478736,0.009589664363124424,1.4015791842903302,2.207223823942309e-07,3.135576177335569,"[[np.float64(0.39555943806949667) np.float64(0.33623897766164906)
  np.float64(-0.8546789343696223)]
 [np.float64(0.4939406135949396) np.float64(0.7066599427927791)
  np.float64(0.5066106942155493)]
 [np.float64(0.8068183381673214) np.float64(-0.5788174969889187)
  np.float64(0.11838274526469224)]]"
-79.77939037023256,0.008147551799999476,4.45766614550855,1.7940146188484337e-06,1.51890953234051,"[[np.float64(-0.5843588334922283) np.float64(-0.7605084183719346)
  np.float64(-0.28311075448492107)]
 [np.float64(0.2579354754621409) np.float64(0.1567133372700474)
  np.float64(-0.95336783059835)]
 [np.float64(0.7588847611980206) np.float64(-0.6386462804809395)
  np.float64(0.12737679399829732)]]"
119.29573263972327,0.007745471959818922,3.8579069214994446,2.902014839938237e-06,0.7490472512276689,"[[np.float64(0.4638093901221284) np.float64(0.6711356488176947)
  np.float64(0.5783232578070775)]
 [np.float64(-0.448402404820927) np.float64(-0.3851618698885849)
  np.float64(0.8065888775173746)]
 [np.float64(0.772089157469677) np.float64(-0.6232651579528751)
  np.float64(0.12417276593416998)]]"
124.06762674513675,0.005630692158709754,4.239218201947431,4.1840126553243773e-07,8.841860532719553,"[[np.float64(0.19999201350764734) np.float64(0.7977170613876108)
  np.float64(0.568903053695682)]
 [np.float64(-0.5331640660566187) np.float64(-0.3985382772425916)
  np.float64(0.7462595528624614)]
 [np.float64(0.7620897244807214) np.float64(-0.5811920583564896)
  np.float64(0.2853682588240063)]]"
-153.72053535707107,0.007370257440106705,4.957995636139156,3.154202191477244e-07,8.31800602361817,"[[np.float64(-0.627229697105895) np.float64(-0.16751636903769998)
  np.float64(0.7606057935441146)]
 [np.float64(-0.45157041396410064) np.float64(-0.7174672211493278)
  np.float64(-0.5304007426546008)]
 [np.float64(0.7274830170773647) np.float64(-0.6293414832748803)
  np.float64(0.27330890452634093)]]"
165.44942410347795,0.009522765489370883,2.2781679808404327,2.6927759834602503e-06,7.177115914244055,"[[np.float64(-0.2024334727806187) np.float64(0.3353731108083462)
  np.float64(0.9200791083622708)]
 [np.float64(-0.5864796420024092) np.float64(-0.7939317168981791)
  np.float64(0.1603560364309235)]
 [np.float64(0.775124448744673) np.float64(-0.5781795212396679)
  np.float64(0.2547361972263378)]]"
15.755978962412058,0.004431528059238121,1.181221776007875,1.939186422483102e-06,1.0713399932798742,"[[np.float64(0.3290703022230873) np.float64(0.21592073320980606)
  np.float64(-0.9192882970890828)]
 [np.float64(0.5415253998857084) np.float64(0.7543774085260445)
  np.float64(0.3710322988422343)]
 [np.float64(0.7852817090104395) np.float64(-0.6053995777298194)
  np.float64(0.12970731967857524)]]"
-9.152158992216243,0.003994681806122811,4.101420827939311,2.9895157535273117e-06,1.6769250504635302,"[[np.float64(0.07075846745677866) np.float64(-0.12203050746084455)
  np.float64(-0.9900009063288865)]
 [np.float64(0.628918407767581) np.float64(0.7758178183457521)
  np.float64(-0.050678882271889984)]
 [np.float64(0.7554398081849922) np.float64(-0.6413184586995835)
  np.float64(0.13424355008942854)]]"
-43.58274116066849,0.0031554934282810435,2.0677402983398876,2.8307384391157768e-06,0.7895430780078055,"[[np.float64(-0.2969753543000388) np.float64(-0.539492477297312)
  np.float64(-0.7878791188234245)]
 [np.float64(0.5683333638847775) np.float64(0.5631803868285135)
  np.float64(-0.5998541817701193)]
 [np.float64(0.771655398512373) np.float64(-0.6181305732881065)
  np.float64(0.14987508236270636)]]"
168.29949664000958,0.004979011473169684,3.014028812949914,1.0533412334854262e-06,0.6955464365436093,"[[np.float64(-0.060329576507375554) np.float64(0.17074766904771696)
  np.float64(0.9834661029812934)]
 [np.float64(-0.6438650739317608) np.float64(-0.7595425848957026)
  np.float64(0.0923733094611332)]
 [np.float64(0.7677746083687099) np.float64(-0.6240230616321107)
  np.float64(0.14531816574524112)]]"
128.80577497981204,0.0025210856045491713,1.0068741179593883,1.96076440859236e-06,8.76600217548652,"[[np.float64(0.516020013998516) np.float64(0.5019063325197145)
  np.float64(0.6941277825657038)]
 [np.float64(-0.3542192526258965) np.float64(-0.6127831236770873)
  np.float64(0.7064174151347793)]
 [np.float64(0.8237695872744599) np.float64(-0.5669230416651183)
  np.float64(0.0013899319539810162)]]"
-20.936460662269127,0.006847258761172322,3.22839924382696,2.442350563340377e-06,9.043548662115823,"[[np.float64(-0.04352278216712805) np.float64(-0.2845613463037999)
  np.float64(-0.9576693623700204)]
 [np.float64(0.5870081344276992) np.float64(0.7683752225947611)
  np.float64(-0.25499209285419716)]
 [np.float64(0.7941655595805257) np.float64(-0.607382702004196)
  np.float64(-0.019680378101872925)]]"
39.40598617276592,0.003018954984925212,1.709319350823306,1.2865090333359607e-06,2.2946472246456344,"[[np.float64(0.5008747042892808) np.float64(0.5140246334358174)
  np.float64(-0.696349916941403)]
 [np.float64(0.36823147944723617) np.float64(0.6015455217698001)
  np.float64(0.7089065966562865)]
 [np.float64(0.7976489046696708) np.float64(-0.5866582199273703)
  np.float64(0.13995841479140841)]]"
103.28647384538004,0.003928818313092084,4.65669532797024,1.911250426291494e-06,3.8814802400512067,"[[np.float64(0.6309297018674067) np.float64(0.6963669024093194)
  np.float64(0.34205386787807956)]
 [np.float64(-0.3226799449767008) np.float64(-0.1654102540469219)
  np.float64(0.9319426489682539)]
 [np.float64(0.7482830281365491) np.float64(-0.6576320533119323)
  np.float64(0.0871354822074707)]]"
-170.72203250749507,0.006552803786952125,2.1019243714619273,2.3803795540630526e-06,4.872403254134898,"[[np.float64(-0.3966782208065839) np.float64(-0.021800556928709858)
  np.float64(0.9176988203410317)]
 [np.float64(-0.5655062346036086) np.float64(-0.7816826562270203)
  np.float64(-0.2630112613146405)]
 [np.float64(0.7551715991083754) np.float64(-0.6177866229593257)
  np.float64(0.21921574850500847)]]"
148.50987782912352,0.006040964360647609,3.029076581309387,1.627318754125499e-06,7.546305453392458,"[[np.float64(0.11242546510210707) np.float64(0.47177912751498463)
  np.float64(0.8745198509112156)]
 [np.float64(-0.7762714714886869) np.float64(-0.5077020010350565)
  np.float64(0.373686072389363)]
 [np.float64(0.6888999078058644) np.float64(-0.6968830723319419)
  np.float64(0.19942642884599138)]]"
109.0976197721069,0.0070546519687055605,4.720148281432169,4.974396112077864e-07,3.0584030026949,"[[np.float64(0.4506465818573971) np.float64(0.7936302466082781)
  np.float64(0.40874036982995454)]
 [np.float64(-0.36826240624222206) np.float64(-0.2518219715693543)
  np.float64(0.8949684322832913)]
 [np.float64(0.7813386230690237) np.float64(-0.5963142255783104)
  np.float64(0.18417193182877292)]]"
111.24043314020071,0.0059044514823235646,3.867473121377647,9.210365485301643e-07,1.1404507813848777,"[[np.float64(0.5229842611580637) np.float64(0.7175962987440833)
  np.float64(0.4599380551875943)]
 [np.float64(-0.3998443199315534) np.float64(-0.27000311930371423)
  np.float64(0.8759125729116678)]
 [np.float64(0.7624084038710283) np.float64(-0.6338300669950605)
  np.float64(0.13035671014515637)]]"
-124.19709345868048,0.007419716097897318,4.822512757630092,1.8764094877252395e-06,7.968906416896396,"[[np.float64(-0.7187002590441792) np.float64(-0.5556722693242306)
  np.float64(0.41796921747168103)]
 [np.float64(-0.054831575037927294) np.float64(-0.553953140282772)
  np.float64(-0.8307402823685125)]
 [np.float64(0.7758841100308408) np.float64(-0.5715783052995337)
  np.float64(0.26702450957274215)]]"
-3.0321957048660124,0.005376507945810171,3.918799172575939,2.844272855787984e-06,9.230353289877279,"[[np.float64(0.14792332469214026) np.float64(-0.04625254021130121)
  np.float64(-0.9879166931153789)]
 [np.float64(0.6180729657080829) np.float64(0.7841354441979597)
  np.float64(0.05583380887314973)]
 [np.float64(0.8593949773432095) np.float64(-0.4848578274431786)
  np.float64(0.162336564224901)]]"
-52.754919871097414,0.0030257467816663113,1.7716976999617846,6.230739538211202e-07,6.319148971144034,"[[np.float64(-0.4009862990338154) np.float64(-0.6052329539841699)
  np.float64(-0.6876794743183479)]
 [np.float64(0.4348997949738016) np.float64(0.5349195212742864)
  np.float64(-0.7243778531204785)]
 [np.float64(0.7363805701852854) np.float64(-0.6747827310284576)
  np.float64(0.049111320073587664)]]"
-148.76826671879843,0.001956497422537028,1.8178233951866014,1.8894488488903754e-06,1.736864570351796,"[[np.float64(-0.4215309472347022) np.float64(-0.43998934459486827)
  np.float64(0.7929193131500789)]
 [np.float64(-0.4135111417888675) np.float64(-0.6849316858984408)
  np.float64(-0.5998975923178778)]
 [np.float64(0.7888979211473778) np.float64(-0.6037444042363614)
  np.float64(0.11459827382045021)]]"
-22.972182133995403,0.0012308507492380745,4.478703784373312,2.5701552895624175e-06,8.226733038929,"[[np.float64(-0.04680237184735377) np.float64(-0.32550875187553313)
  np.float64(-0.9443800031988684)]
 [np.float64(0.5943858277692378) np.float64(0.7507535341495328)
  np.float64(-0.2882266793845843)]
 [np.float64(0.8291452670338499) np.float64(-0.5587356647439888)
  np.float64(0.018236860981506536)]]"
-45.47969220948025,0.007997093205204295,3.9648625530491177,1.0300857543171942e-06,9.45222136513214,"[[np.float64(-0.21780822704202668) np.float64(-0.6181223968428086)
  np.float64(-0.7553040968736436)]
 [np.float64(0.5043492453772056) np.float64(0.5912640550749915)
  np.float64(-0.6293160222525092)]
 [np.float64(0.8479925663193125) np.float64(-0.5296651372703367)
  np.float64(0.019064360140902473)]]"
137.35348775404748,0.005442637321328436,4.501059050644135,1.4729463821561332e-06,4.699011390707495,"[[np.float64(0.20885320886539546) np.float64(0.5975793809265986)
  np.float64(0.7741312683505367)]
 [np.float64(-0.650029477251409) np.float64(-0.5065843037662615)
  np.float64(0.566422123404367)]
 [np.float64(0.736382420817703) np.float64(-0.6449840823229727)
  np.float64(0.20429504120426517)]]"
161.33486293882135,0.005532850051824627,2.655067581035078,2.9258040938217705e-06,0.278464605678625,"[[np.float64(0.02324129927312175) np.float64(0.2573750737509262)
  np.float64(0.9660320457520044)]
 [np.float64(-0.6325570307393352) np.float64(-0.7444865515186855)
  np.float64(0.2135682033216821)]
 [np.float64(0.7734884824827609) np.float64(-0.6179116262254193)
  np.float64(0.14107015858066338)]]"
170.17442486341616,0.002638007002774624,3.1919614167327985,1.8088076686436123e-06,5.2834234574070384,"[[np.float64(-0.20701780096443817) np.float64(0.2448876481214149)
  np.float64(0.9471925199669866)]
 [np.float64(-0.6250630367563454) np.float64(-0.7779043154406544)
  np.float64(0.06450640355609887)]
 [np.float64(0.7614107896185155) np.float64(-0.6072615019348122)
  np.float64(0.22690764138826394)]]"
-141.6087924899237,0.006736092753476144,4.045452908292256,1.2080404524078357e-06,7.078767430214424,"[[np.float64(-0.6141728080561828) np.float64(-0.3916721797865851)
  np.float64(0.6851165341937154)]
 [np.float64(-0.49689149524728726) np.float64(-0.4825287786089645)
  np.float64(-0.7212938511903841)]
 [np.float64(0.6898752725041302) np.float64(-0.7060787202846642)
  np.float64(0.15976529394246816)]]"
-67.52965196533698,0.009050056512931573,3.271507534890586,1.1325099693920011e-06,7.487637767697355,"[[np.float64(-0.4838298402036633) np.float64(-0.7319293046887078)
  np.float64(-0.4797793020404305)]
 [np.float64(0.5047034241160245) np.float64(0.21451371400133762)
  np.float64(-0.8362166706009351)]
 [np.float64(0.7992026883232626) np.float64(-0.5493082843472152)
  np.float64(0.24399891746560917)]]"
49.37251626726777,0.0011623794911446662,4.6174899241404965,1.1658976139923337e-06,4.487212696509172,"[[np.float64(0.5249748980887396) np.float64(0.6323791421851883)
  np.float64(-0.5696472390048449)]
 [np.float64(0.2516000159489687) np.float64(0.5240764626329996)
  np.float64(0.8136591997197358)]
 [np.float64(0.7983465114075663) np.float64(-0.5704606680968294)
  np.float64(0.19291830881978983)]]"
-136.82379022373163,0.004468783446395095,4.939058684215707,2.3335711324133587e-06,0.03857312997491615,"[[np.float64(-0.5425332889360504) np.float64(-0.5382583347370438)
  np.float64(0.6449306904484674)]
 [np.float64(-0.3250832887966623) np.float64(-0.5733947633222879)
  np.float64(-0.7520234708702406)]
 [np.float64(0.7741927703835965) np.float64(-0.6181783322534581)
  np.float64(0.1359452235943043)]]"
57.26806831564221,0.001942305959396816,2.5544311015326797,1.650839223935376e-06,0.844971736275426,"[[np.float64(0.61486201225499) np.float64(0.6539193724229807)
  np.float64(-0.4408334835917976)]
 [np.float64(0.19022987195130409) np.float64(0.4194990145317856)
  np.float64(0.8875996691213056)]
 [np.float64(0.7724441950477642) np.float64(-0.6231921288100927)
  np.float64(0.12231735823731903)]]"
90.85667149918692,0.0015885124513926718,2.5697660670887483,3.9786531623946765e-07,4.902507874410009,"[[np.float64(0.5096465833031066) np.float64(0.854528446019734)
  np.float64(0.10020726056812593)]
 [np.float64(-0.19244025672686654) np.float64(-0.0003016069870279692)
  np.float64(0.9813086449349783)]
 [np.float64(0.7909730981735709) np.float64(-0.5753894698974307)
  np.float64(0.2080589240980944)]]"
-86.48755249777044,0.00411245811042431,1.0539001984009448,2.6892514549243257e-06,0.17998657591390937,"[[np.float64(-0.5983011585557805) np.float64(-0.78355220643455)
  np.float64(-0.16757584391062824)]
 [np.float64(0.2072161056816257) np.float64(0.05071843764262801)
  np.float64(-0.9769795932511753)]
 [np.float64(0.7724577049597281) np.float64(-0.6206955547931702)
  np.float64(0.1343358563762799)]]"
27.65698565155307,0.004957313428623233,4.8090574147144425,1.8561333234459512e-06,6.538111336216481,"[[np.float64(0.4432275868241936) np.float64(0.35630179666277007)
  np.float64(-0.8225559774099779)]
 [np.float64(0.41858314038281846) np.float64(0.7291621231647255)
  np.float64(0.5413970379759823)]
 [np.float64(0.7217053857472624) np.float64(-0.6521543649112013)
  np.float64(0.2320259048267309)]]"
141.25103597349738,0.0058381178202754486,4.096416776772651,1.6688560449188525e-06,2.808832574660389,"[[np.float64(0.18578573606930784) np.float64(0.5406737935110851)
  np.float64(0.8204605470609285)]
 [np.float64(-0.6204504220532703) np.float64(-0.5829232900955126)
  np.float64(0.5246348364702269)]
 [np.float64(0.7583787718822861) np.float64(-0.6258194598515321)
  np.float64(0.1822406157514077)]]"
-139.30078440578467,0.0011051207386574976,2.298453389958385,1.4514147412265654e-06,9.537985158408391,"[[np.float64(-0.5105731295246362) np.float64(-0.5310414768942816)
  np.float64(0.6762470179049659)]
 [np.float64(-0.08864358344652681) np.float64(-0.7497855308859334)
  np.float64(-0.6557163813630538)]
 [np.float64(0.8523768688804985) np.float64(-0.484804390077092)
  np.float64(0.19600606306810162)]]"
-13.093880125873056,0.005699582107836908,3.6711605086098946,1.6083955234424575e-06,3.838693669710147,"[[np.float64(0.019442424778609427) np.float64(-0.16815818654581605)
  np.float64(-0.9855682708043876)]
 [np.float64(0.6334263504983727) np.float64(0.7647549121773343)
  np.float64(-0.11798721454018013)]
 [np.float64(0.7298564198722369) np.float64(-0.668991475021159)
  np.float64(0.14057031237176418)]]"
-118.38684414203726,0.0031077172790477327,2.9770632304009985,7.111967223406128e-07,2.3978221196357246,"[[np.float64(-0.6290563595741192) np.float64(-0.6832268416839564)
  np.float64(0.3707953334144356)]
 [np.float64(-0.0819667216115699) np.float64(-0.4160369721547427)
  np.float64(-0.9056460094035447)]
 [np.float64(0.787306870699887) np.float64(-0.593535115447237)
  np.float64(0.16692500735296195)]]"
94.83625205895169,0.008246726624579565,1.9621596495752318,2.1978545170746844e-06,6.134624189634158,"[[np.float64(0.6573689971549267) np.float64(0.7262527282250888)
  np.float64(0.2010546600433348)]
 [np.float64(-0.3166276544524331) np.float64(0.024085714065851846)
  np.float64(0.9482440650032503)]
 [np.float64(0.7021343308441008) np.float64(-0.6979614219457497)
  np.float64(0.14091570148700228)]]"
-114.98622874962028,0.0027799129032289953,4.762596397087494,8.676479634308121e-07,1.7895761461530089,"[[np.float64(-0.6629759250766454) np.float64(-0.6810778911425599)
  np.float64(0.3107986952443169)]
 [np.float64(-0.08588007883290885) np.float64(-0.34322056185157596)
  np.float64(-0.9353204039161885)]
 [np.float64(0.7641434239687779) np.float64(-0.6234321521506846)
  np.float64(0.16558133732410285)]]"
66.24251087503626,0.005576734998181385,4.270306635337829,6.67414037555982e-07,5.887448356655001,"[[np.float64(0.7073692097891703) np.float64(0.6455729976056214)
  np.float64(-0.2878616087718846)]
 [np.float64(0.10919760427841486) np.float64(0.3025538350779652)
  np.float64(0.946856409440983)]
 [np.float64(0.7397039935281018) np.float64(-0.6707149466480327)
  np.float64(0.054584451096488185)]]"
-120.9920367549457,0.008627579600223085,1.7296205675027538,2.9643063369381227e-06,2.676759467458906,"[[np.float64(-0.5750156784598504) np.float64(-0.7011787877397814)
  np.float64(0.421551037419111)]
 [np.float64(-0.11148223928370732) np.float64(-0.44329637581768083)
  np.float64(-0.8894155572684794)]
 [np.float64(0.8020143467070444) np.float64(-0.5813920563460065)
  np.float64(0.1369535121631969)]]"
-16.462251422012628,0.007167469260785604,1.8915714480754215,1.5952202536450311e-06,8.549252613679087,"[[np.float64(-0.0315503698418705) np.float64(-0.1989144635830622)
  np.float64(-0.9795088617977398)]
 [np.float64(0.6143295075859887) np.float64(0.769173199593225)
  np.float64(-0.17598819601517962)]
 [np.float64(0.6960951299591371) np.float64(-0.715894637363716)
  np.float64(0.05428110390408222)]]"
8.575388528060103,0.0020750698826440843,4.628803910344691,1.3923171119868117e-06,5.10502470342748,"[[np.float64(0.2615998205913548) np.float64(0.11701312213470248)
  np.float64(-0.95805712935861)]
 [np.float64(0.5663779742481333) np.float64(0.785139119944259)
  np.float64(0.25054451225228475)]
 [np.float64(0.7533624513527469) np.float64(-0.6186528255091759)
  np.float64(0.22296568879828482)]]"
-113.11458506728772,0.0064644651669713326,1.92721294337474,5.168969533093277e-07,8.15317328179901,"[[np.float64(-0.7425048589921486) np.float64(-0.6248630202945692)
  np.float64(0.24131460842932526)]
 [np.float64(0.05528112753717669) np.float64(-0.41619116452707566)
  np.float64(-0.9075951253217566)]
 [np.float64(0.7645553013159513) np.float64(-0.5835392054052687)
  np.float64(0.27374657437977684)]]"
23.301839194996234,0.0013832765899540664,4.308792954075072,8.231053481472619e-07,6.467548469320547,"[[np.float64(0.3915427321335662) np.float64(0.31472209452890615)
  np.float64(-0.8646642655555511)]
 [np.float64(0.4569581899944404) np.float64(0.7491216497055314)
  np.float64(0.47958937283833547)]
 [np.float64(0.7499732534938099) np.float64(-0.6138446962704133)
  np.float64(0.2464443302342208)]]"
-151.58576210415288,0.009076431832858181,1.8338442386020883,2.7766258616190374e-06,2.496445538268051,"[[np.float64(-0.45033980904462423) np.float64(-0.3675429770266411)
  np.float64(0.8136990945233044)]
 [np.float64(-0.5161372258310354) np.float64(-0.6364775970221471)
  np.float64(-0.5731480023522337)]
 [np.float64(0.7476877373822698) np.float64(-0.6519711888401315)
  np.float64(0.12608178413461596)]]"
-131.82087347230453,0.007877159895319613,3.826343970522336,2.4208502065705656e-06,5.5819777348225985,"[[np.float64(-0.572020028701285) np.float64(-0.5864003258510226)
  np.float64(0.5735222267762563)]
 [np.float64(-0.13384339451531205) np.float64(-0.6231114750612775)
  np.float64(-0.7705958962981686)]
 [np.float64(0.8168772552891865) np.float64(-0.546270361367956)
  np.float64(0.18520324533368213)]]"
-116.25101670771096,0.007561906143823919,3.062306152397035,1.174127911898395e-06,8.006354736187754,"[[np.float64(-0.6343604553394182) np.float64(-0.7000511095691913)
  np.float64(0.3278951916276146)]
 [np.float64(0.07510302238317285) np.float64(-0.47796950259004944)
  np.float64(-0.8751598086193935)]
 [np.float64(0.8215086100919768) np.float64(-0.5232985042104906)
  np.float64(0.2264559096950478)]]"
66.64827872951253,0.006698788391612293,4.161341536960066,6.950082287813087e-07,8.735677982166335,"[[np.float64(0.581802393836493) np.float64(0.7505108992799766)
  np.float64(-0.3134315947508913)]
 [np.float64(-0.03587467331036573) np.float64(0.40867342445278787)
  np.float64(0.9119753505226478)]
 [np.float64(0.7182625504472709) np.float64(-0.63837573162202)
  np.float64(0.2767224853549715)]]"
62.05609293818685,0.00439774625204389,2.6257529791710232,1.301854634254037e-06,6.090088043940326,"[[np.float64(0.6363719678455274) np.float64(0.6784795587641436)
  np.float64(-0.3670098185057511)]
 [np.float64(0.05268439705985631) np.float64(0.4364422108899862)
  np.float64(0.8981884829254384)]
 [np.float64(0.7119598798423947) np.float64(-0.6718373819785676)
  np.float64(0.20432244534310795)]]"
53.60179604437633,0.00627205486446879,4.196329663219158,2.179693803436145e-06,6.604823625452978,"[[np.float64(0.5149726743273416) np.float64(0.6852792373077863)
  np.float64(-0.5149713697003013)]
 [np.float64(0.19294306709354808) np.float64(0.4926758021263311)
  np.float64(0.8485537854842853)]
 [np.float64(0.7992615261481775) np.float64(-0.5555371043810297)
  np.float64(0.22925867153769153)]]"
-25.23842180859907,0.00566422623601202,4.698551186891766,2.0136778872914706e-06,7.6312907862924595,"[[np.float64(-0.14506479473756073) np.float64(-0.29626134505295043)
  np.float64(-0.944026175884528)]
 [np.float64(0.6203018260973988) np.float64(0.7160961218829852)
  np.float64(-0.3200499785414475)]
 [np.float64(0.6840774342820682) np.float64(-0.7169052153156945)
  np.float64(0.13448039321484945)]]"
-71.17378229869583,0.00874071501721143,4.787414595162609,1.5600589326701864e-06,2.902829216396206,"[[np.float64(-0.5604086827814905) np.float64(-0.7092313982006299)
  np.float64(-0.4277065957750645)]
 [np.float64(0.38053602582946683) np.float64(0.23818513186556212)
  np.float64(-0.8935659886119771)]
 [np.float64(0.7501708892661255) np.float64(-0.6370868848608211)
  np.float64(0.1770986675161771)]]"
-100.49906916023868,0.0025890578169557063,1.0302624384382713,6.614041972861636e-07,4.1203590302880775,"[[np.float64(-0.7119950928637857) np.float64(-0.6999419043278137)
  np.float64(0.056074221384188216)]
 [np.float64(0.059878352494804506) np.float64(-0.14008699626317764)
  np.float64(-0.9883269784744665)]
 [np.float64(0.7337979464567261) np.float64(-0.6538240851902691)
  np.float64(0.184538991546501)]]"
177.0401468719685,0.005791660093774958,4.5466975391871784,1.499244241594915e-06,2.7167919179830164,"[[np.float64(-0.10962099044889353) np.float64(0.01271449979964185)
  np.float64(0.99389213697858)]
 [np.float64(-0.6807881280373387) np.float64(-0.7295230188150365)
  np.float64(-0.0657547697312669)]
 [np.float64(0.75034934842333) np.float64(-0.651565927492296)
  np.float64(0.11152442535959695)]]"
126.11815177525193,0.006214104631655044,3.536247647957867,1.923872499594123e-06,0.8882814928668836,"[[np.float64(0.3701158826822034) np.float64(0.6504028896006212)
  np.float64(0.6633176573750585)]
 [np.float64(-0.5073356057626431) np.float64(-0.4566301589486921)
  np.float64(0.7308211005875133)]
 [np.float64(0.7717752933006997) np.float64(-0.6175585906058689)
  np.float64(0.15160568531394888)]]"
35.319099995269426,0.0037245551395050547,3.711545326547677,2.3973404918397437e-06,5.44610923916763,"[[np.float64(0.4622512956644636) np.float64(0.4770392907707997)
  np.float64(-0.747500672051482)]
 [np.float64(0.43073295465235) np.float64(0.6160467311801486)
  np.float64(0.6595115971525523)]
 [np.float64(0.8287575710002903) np.float64(-0.5508417125996659)
  np.float64(0.09866253681091991)]]"
48.31141432283107,0.006944063684105195,4.123050808788927,1.143630913298775e-06,4.22012087510708,"[[np.float64(0.5221483145240134) np.float64(0.6217962981144024)
  np.float64(-0.5837212530745796)]
 [np.float64(0.2750769426838846) np.float64(0.525068876053505)
  np.float64(0.8053790107791459)]
 [np.float64(0.8062826054183533) np.float64(-0.565056141238236)
  np.float64(0.17498547782243762)]]"
-130.69724780662344,0.007018389709450874,3.2061040450931215,1.1101030369042216e-06,3.797213664005553,"[[np.float64(-0.653116173826618) np.float64(-0.5263320837443002)
  np.float64(0.5444389783138807)]
 [np.float64(-0.3069984742726042) np.float64(-0.47319379065950673)
  np.float64(-0.8257357769138869)]
 [np.float64(0.7329025970499182) np.float64(-0.6589210626371997)
  np.float64(0.16934230555460483)]]"
45.61089268734341,0.009221803234386112,2.9596652911070214,2.711243557828005e-06,6.8797849445525365,"[[np.float64(0.4834451676682794) np.float64(0.6126430893804833)
  np.float64(-0.6252593181173125)]
 [np.float64(0.322622991926115) np.float64(0.5392969124465365)
  np.float64(0.77786454174636)]
 [np.float64(0.8370932682442208) np.float64(-0.5211779451919372)
  np.float64(0.16627810952052377)]]"
105.67091358152965,0.005083151383554383,3.372764594984582,8.478143680924528e-07,4.081294621073736,"[[np.float64(0.5963569124107565) np.float64(0.7074801720115089)
  np.float64(0.3792495738039466)]
 [np.float64(-0.39265405672965636) np.float64(-0.1549740642091883)
  np.float64(0.906535068905903)]
 [np.float64(0.7295875717001857) np.float64(-0.672783502937996)
  np.float64(0.12273684611845737)]]"
-40.2177487008376,0.0042889041145990885,2.468279397293287,1.3092430250913004e-06,5.701627039564173,"[[np.float64(-0.2684280761142071) np.float64(-0.4974425690558654)
  np.float64(-0.8249225772426925)]
 [np.float64(0.6285668316695939) np.float64(0.5584744093177677)
  np.float64(-0.5413040478899255)]
 [np.float64(0.7630190809243509) np.float64(-0.6025911058569938)
  np.float64(0.23385004016977268)]]"
-12.2717605625256,0.004080221049902551,1.4451291387943854,2.161314329539768e-06,9.31680741265252,"[[np.float64(0.06617783740166158) np.float64(-0.18401442966877965)
  np.float64(-0.9806932157971284)]
 [np.float64(0.6207579642241623) np.float64(0.7770843207577671)
  np.float64(-0.10392068266092812)]
 [np.float64(0.8626364515031405) np.float64(-0.5012992691770344)
  np.float64(0.06750848287912652)]]"
-129.2667578782506,0.009301033504584198,1.5454402458444547,2.4927237924819937e-06,9.600728223686096,"[[np.float64(-0.34910087106466514) np.float64(-0.7690681948741448)
  np.float64(0.5354089030403929)]
 [np.float64(-0.3341226014706886) np.float64(-0.4316469622713912)
  np.float64(-0.8378800553470286)]
 [np.float64(0.8004586481778617) np.float64(-0.598744723675124)
  np.float64(-0.02776163591127226)]]"
-76.39078420631523,0.001296411563088038,3.733991109287171,2.462664909758101e-06,4.3635164013804415,"[[np.float64(-0.5925735244020052) np.float64(-0.7265766893976718)
  np.float64(-0.3477685043268082)]
 [np.float64(0.36956516413061224) np.float64(0.1383882955894468)
  np.float64(-0.918841808531241)]
 [np.float64(0.7593261925862287) np.float64(-0.6155642491877888)
  np.float64(0.2109606322856838)]]"
-61.062111296510494,0.0014985909157820831,4.152036082482343,2.945691941055504e-07,6.262015763626488,"[[np.float64(-0.504445646369236) np.float64(-0.6341488034951437)
  np.float64(-0.5859947823016869)]
 [np.float64(0.5069575827286937) np.float64(0.33185249795694627)
  np.float64(-0.7955299673259422)]
 [np.float64(0.734358572576522) np.float64(-0.6361843294424113)
  np.float64(0.2366156923267823)]]"
-64.72118371077629,0.007080845824516686,1.3053349200025919,1.6411871756818872e-06,1.6256851349437162,"[[np.float64(-0.4998747820516146) np.float64(-0.6912714714488885)
  np.float64(-0.5217939775713586)]
 [np.float64(0.41895119269778075) np.float64(0.3342985156530032)
  np.float64(-0.8442300637677538)]
 [np.float64(0.7566882521012404) np.float64(-0.6362176122983804)
  np.float64(0.15049929878015264)]]"
-37.485579531531556,0.009270036547563937,1.6927110158605587,7.583137182862997e-07,3.712668911455838,"[[np.float64(-0.26229233624070086) np.float64(-0.45326583775159296)
  np.float64(-0.8519112692509365)]
 [np.float64(0.577371280926083) np.float64(0.6336525501655893)
  np.float64(-0.5149046995614037)]
 [np.float64(0.7333583481964172) np.float64(-0.6681183259223208)
  np.float64(0.12571171662728264)]]"
6.727217766747458,0.0022973689085800555,2.084225023665672,1.7103654460784636e-06,2.5408052591156616,"[[np.float64(0.24743807039991628) np.float64(0.08883608828678907)
  np.float64(-0.9648225488319953)]
 [np.float64(0.5837372218639552) np.float64(0.7811100179191669)
  np.float64(0.22162580110824254)]
 [np.float64(0.7450417688379078) np.float64(-0.6521648646037663)
  np.float64(0.13997768416155712)]]"
-88.46798020919492,0.00662193687593692,3.1408002376751853,9.788205391962117e-07,5.238511872596714,"[[np.float64(-0.5006949200051096) np.float64(-0.8572477436408504)
  np.float64(-0.12012869392342508)]
 [np.float64(0.181949188031152) np.float64(0.03145184461718716)
  np.float64(-0.9828047997669634)]
 [np.float64(0.818557511167981) np.float64(-0.5697227723237193)
  np.float64(0.073345508425919)]]"
88.31274668403938,0.00837073046279517,2.41175203850284,9.40965963620444e-07,3.965954337794362,"[[np.float64(0.5599825015153901) np.float64(0.8256496445580804)
  np.float64(0.06871871970345318)]
 [np.float64(-0.09952338417666722) np.float64(-0.015306858096681784)
  np.float64(0.9949174820542814)]
 [np.float64(0.8142566866769033) np.float64(-0.5627933216535173)
  np.float64(0.1423015295214783)]]"
-94.08088216156587,0.0033672314275941637,2.661305786530936,8.895634719746788e-07,2.9563388894431917,"[[np.float64(-0.6251047167076262) np.float64(-0.7795701934257127)
  np.float64(-0.03891537834938093)]
 [np.float64(0.07211819220077885) np.float64(-0.00804114533102068)
  np.float64(-0.9973636780710721)]
 [np.float64(0.7534440056241763) np.float64(-0.6497789911877129)
  np.float64(0.10054547727309442)]]"
-164.00747514215476,0.00999445434486217,1.5398891709468048,1.9792054531820077e-06,0.572272346786912,"[[np.float64(-0.324440417475381) np.float64(-0.22443348067850774)
  np.float64(0.9188950039362117)]
 [np.float64(-0.5262423820247469) np.float64(-0.7644017682993531)
  np.float64(-0.37250354626733745)]
 [np.float64(0.7797953502974279) np.float64(-0.6120059853256524)
  np.float64(0.13178727396865517)]]"
-48.81395684775643,0.0028962734472876596,1.9010766832934753,1.2585155508229746e-06,7.317627265738262,"[[np.float64(-0.25773724379634994) np.float64(-0.6497660336137157)
  np.float64(-0.7151053172240861)]
 [np.float64(0.5313272603341795) np.float64(0.5228472887769684)
  np.float64(-0.6665748682963893)]
 [np.float64(0.8469317621957985) np.float64(-0.5235802616132432)
  np.float64(0.09257591389193782)]]"
-74.09971226596471,0.003234813841013445,3.3896081999574887,4.305453732656971e-07,9.435877395847172,"[[np.float64(-0.5785005406045636) np.float64(-0.7179587538067655)
  np.float64(-0.38713350714251543)]
 [np.float64(0.1917180139555753) np.float64(0.34163651669477013)
  np.float64(-0.9200699395076409)]
 [np.float64(0.7002273708821549) np.float64(-0.7135217844102838)
  np.float64(0.023838880834251897)]]"
173.16042734148965,0.009449137520317601,4.43259379431459,1.3605302492954666e-06,3.356481114911469,"[[np.float64(-0.11230191408371602) np.float64(0.1027706679568399)
  np.float64(0.9883453191576509)]
 [np.float64(-0.5320086054672846) np.float64(-0.846290657519338)
  np.float64(0.027549350341555902)]
 [np.float64(0.8072596385739472) np.float64(-0.5716801783783089)
  np.float64(0.14667532027851624)]]"
-42.989467958140466,0.009482377957177646,3.8844731225779956,2.0807235575319655e-06,5.341879351519133,"[[np.float64(-0.2792591289097817) np.float64(-0.5404346320637476)
  np.float64(-0.7936905866814042)]
 [np.float64(0.6157504424365364) np.float64(0.5334589286900775)
  np.float64(-0.5798904759004448)]
 [np.float64(0.7847121183601667) np.float64(-0.5794536820156413)
  np.float64(0.22013705207714562)]]"
32.2713848368831,0.009146532917915035,1.121858472968478,2.9740807356035857e-06,6.181026627096752,"[[np.float64(0.48887477507972726) np.float64(0.40195495122642066)
  np.float64(-0.7742310194478853)]
 [np.float64(0.46539304804712006) np.float64(0.6304952203123381)
  np.float64(0.6211964970866362)]
 [np.float64(0.7789596160639964) np.float64(-0.6264100938207205)
  np.float64(0.028849798975857543)]]"
-171.98220613812674,0.00885199496123764,3.2998488554017795,1.0097997478878283e-06,5.604750448916063,"[[np.float64(-0.33878998603313504) np.float64(-0.053654817837225734)
  np.float64(0.9393308820040585)]
 [np.float64(-0.44495466613523615) np.float64(-0.8705332339283274)
  np.float64(-0.21020759670090058)]
 [np.float64(0.8087795448138226) np.float64(-0.5531038938352304)
  np.float64(0.1998792898602863)]]"
-167.20837294994809,0.0020001912499853455,2.3761063580946087,2.545184779525511e-06,9.772686243486811,"[[np.float64(-0.44648542753917575) np.float64(-0.08796852076734188)
  np.float64(0.8904562326971298)]
 [np.float64(-0.3177450415158458) np.float64(-0.914710393713605)
  np.float64(-0.2496857709690226)]
 [np.float64(0.8271636755704458) np.float64(-0.5033763692257023)
  np.float64(0.24982490812955388)]]"
92.02299774210593,0.005146127112333372,1.0878737142088808,1.5462709978522704e-06,0.4227089596138093,"[[np.float64(0.6071355992007617) np.float64(0.7816682546764289)
  np.float64(0.14276240336390328)]
 [np.float64(-0.20172546165053484) np.float64(-0.022153933248864652)
  np.float64(0.9791915243523523)]
 [np.float64(0.7691102553730046) np.float64(-0.6242732834218577)
  np.float64(0.1369389743125187)]]"
-101.73010105681188,0.009131557863617482,4.204786662140059,1.8436081022778444e-06,4.637182346844089,"[[np.float64(-0.5478533271300934) np.float64(-0.830329595714643)
  np.float64(0.10202692993932752)]
 [np.float64(-0.00876328784625311) np.float64(-0.11625525893450461)
  np.float64(-0.9931807084091973)]
 [np.float64(0.7896115830200496) np.float64(-0.6109264308085756)
  np.float64(0.05729261819873663)]]"
87.68763283425614,0.006867778755910492,2.1566649572865204,2.6331073577256977e-06,6.362278735901052,"[[np.float64(0.5072661051795775) np.float64(0.8609703790247972)
  np.float64(0.03756467726254568)]
 [np.float64(-0.20342695438781924) np.float64(0.07726991814759596)
  np.float64(0.9760362872239742)]
 [np.float64(0.7718377089271868) np.float64(-0.58762462298405)
  np.float64(0.24282473832145796)]]"
36.861344898183376,0.008446316048423184,1.1007220029337919,2.32314773600792e-06,3.048957986697856,"[[np.float64(0.4805511403613026) np.float64(0.4892838602153997)
  np.float64(-0.727785617905554)]
 [np.float64(0.39564692155499465) np.float64(0.6196717908938939)
  np.float64(0.6778424485338832)]
 [np.float64(0.8061027663578211) np.float64(-0.5763953454107618)
  np.float64(0.1340400531896228)]]"
-126.40003102362688,0.0017502361680561745,3.4968451356025128,2.470146365479538e-06,1.8123534251705877,"[[np.float64(-0.5932614794315784) np.float64(-0.6326830710630725)
  np.float64(0.4977478765528327)]
 [np.float64(-0.17766828575061552) np.float64(-0.5001600103131322)
  np.float64(-0.8475104390637352)]
 [np.float64(0.7881625666286096) np.float64(-0.5960930330333256)
  np.float64(0.15320856547377926)]]"
-155.47934943329153,0.003855654487634844,4.584089138735246,1.3642619220848534e-06,6.656831510368718,"[[np.float64(-0.2602823091457509) np.float64(-0.425075077026194)
  np.float64(0.8669280814675061)]
 [np.float64(-0.3666766149407921) np.float64(-0.7870918987888476)
  np.float64(-0.49601875258555345)]
 [np.float64(0.8352683985835979) np.float64(-0.5453091948452489)
  np.float64(0.0704598065908384)]]"
101.75970060725086,0.004335845495881696,4.493203662595528,2.027291229739218e-06,7.699263128577222,"[[np.float64(0.4723911316356208) np.float64(0.839042848843229)
  np.float64(0.26991427631204695)]
 [np.float64(-0.42244408608991285) np.float64(-0.05323466362727589)
  np.float64(0.9048243280969785)]
 [np.float64(0.7216632886835564) np.float64(-0.6424942331408559)
  np.float64(0.25768829648856295)]]"
-105.78368373997108,0.006358737469572494,4.363725937787164,7.31718716515178e-07,8.421618553736556,"[[np.float64(-0.4510836041860213) np.float64(-0.8721881580081903)
  np.float64(0.18923899985158785)]
 [np.float64(0.07853951428413687) np.float64(-0.25000752169672624)
  np.float64(-0.9650532543808517)]
 [np.float64(0.8548467736830695) np.float64(-0.5137059614375541)
  np.float64(0.07309704992108343)]]"
121.0629736054969,0.0069291207401419985,1.678288504111203,2.645806117185454e-06,5.195022554456829,"[[np.float64(0.5363507197281494) np.float64(0.5786336390316196)
  np.float64(0.6144192519999039)]
 [np.float64(-0.5121558717801914) np.float64(-0.35549388149438066)
  np.float64(0.781869850564102)]
 [np.float64(0.7336969832351808) np.float64(-0.6750155612172697)
  np.float64(0.07773499151688038)]]"
-142.29608743977064,0.007125966019244904,2.3471613200112498,2.146192129005823e-06,9.274133055699835,"[[np.float64(-0.6614999938419932) np.float64(-0.3233284062061348)
  np.float64(0.6766657224119187)]
 [np.float64(-0.5115621117122359) np.float64(-0.46523598810053923)
  np.float64(-0.7223985612088613)]
 [np.float64(0.6637471254991679) np.float64(-0.7226496858661982)
  np.float64(0.19291755987746959)]]"
145.1420844624938,0.009647698616178924,1.8431136699170856,6.766262141016495e-07,1.1951400961437457,"[[np.float64(0.17831366171644453) np.float64(0.4704959817268777)
  np.float64(0.864197760483175)]
 [np.float64(-0.5846608203169129) np.float64(-0.6557597168952679)
  np.float64(0.47765146172056516)]
 [np.float64(0.7800264272367172) np.float64(-0.6069109718874882)
  np.float64(0.15237402998840352)]]"
81.33296620480792,0.0012113327066894898,1.2615519343168793,2.3052820412615648e-06,0.9479299591754644,"[[np.float64(0.6227528229343883) np.float64(0.7812059044723295)
  np.float64(-0.04354602559155279)]
 [np.float64(-0.09528949959705532) np.float64(0.13096786629179855)
  np.float64(0.9867964984055814)]
 [np.float64(0.76741929491289) np.float64(-0.6231471621074232)
  np.float64(0.15084840122741736)]]"
-32.67174156316406,0.0014317556672757176,1.2048346322067502,1.0231364121718996e-06,8.358123934762034,"[[np.float64(-0.24205442976229477) np.float64(-0.3684940087767509)
  np.float64(-0.8975643812719454)]
 [np.float64(0.6054214879640076) np.float64(0.665530310887102)
  np.float64(-0.4365022648302804)]
 [np.float64(0.6735323256526755) np.float64(-0.722726474736666)
  np.float64(0.1549859639309632)]]"
29.19121844133724,0.003915173980719382,3.3318778211905813,5.236250556496137e-07,9.746647272859931,"[[np.float64(0.3783586439523258) np.float64(0.4287659386647988)
  np.float64(-0.8203685186472305)]
 [np.float64(0.4401465661439869) np.float64(0.6963198935786619)
  np.float64(0.5669299834355721)]
 [np.float64(0.8459630766868689) np.float64(-0.48733960089585326)
  np.float64(0.2164407223263624)]]"
-174.09248189301886,0.00452947833561562,1.3740291647662168,5.862206769251799e-07,1.3725993331269346,"[[np.float64(-0.22476633888345293) np.float64(-0.08963057904884812)
  np.float64(0.9702816355081122)]
 [np.float64(-0.6230481583628164) np.float64(-0.7523874702599381)
  np.float64(-0.21383191285809885)]
 [np.float64(0.7612227732873533) np.float64(-0.6361565564139577)
  np.float64(0.12587583231202853)]]"
-150.69044491018786,0.003511425704677435,1.3544165046525878,1.8137120791552086e-06,6.772489204470063,"[[np.float64(-0.3510175701584504) np.float64(-0.44954756317924993)
  np.float64(0.8213973787879139)]
 [np.float64(-0.28156528438939676) np.float64(-0.7859427108016055)
  np.float64(-0.5504680244705791)]
 [np.float64(0.8430833250102002) np.float64(-0.5255632362549547)
  np.float64(0.11399031444365841)]]"
-134.09421155338853,0.005259022124382687,4.396317895315901,3.9185379754749977e-07,6.573971036268115,"[[np.float64(-0.5896904214117032) np.float64(-0.5452082417953685)
  np.float64(0.5958298246762163)]
 [np.float64(-0.13296409528978997) np.float64(-0.6621460780942938)
  np.float64(-0.7374843189031972)]
 [np.float64(0.8159213868918987) np.float64(-0.5395196299638959)
  np.float64(0.20782410662870998)]]"
-135.31759581873112,0.002215503875448049,4.841142135399247,2.797619881589118e-06,7.00542527898084,"[[np.float64(-0.571878292066291) np.float64(-0.5380040514135607)
  np.float64(0.6192793067154242)]
 [np.float64(-0.47132864009975106) np.float64(-0.40237649248259777)
  np.float64(-0.7848200247949342)]
 [np.float64(0.70242591280263) np.float64(-0.7061014221612482)
  np.float64(0.08954674000350232)]]"
-158.7224146145953,0.007324222130317128,2.422869032260802,2.9868381542977636e-07,0.4956914883118804,"[[np.float64(-0.39580827198649104) np.float64(-0.2745694503009416)
  np.float64(0.8763260972882793)]
 [np.float64(-0.5047098311595601) np.float64(-0.732177667227825)
  np.float64(-0.4573662098840583)]
 [np.float64(0.771333529798888) np.float64(-0.6198152749210072)
  np.float64(0.14447702510290114)]]"
-109.76753941133352,0.004181172849587371,2.8988675604274485,2.6066243248850735e-06,2.5811432918216144,"[[np.float64(-0.6395816329787262) np.float64(-0.733450069073684)
  np.float64(0.2301875994315814)]
 [np.float64(-0.09834695098043031) np.float64(-0.2189102141409465)
  np.float64(-0.9707760789067774)]
 [np.float64(0.7522699543004537) np.float64(-0.6493726682358832)
  np.float64(0.11137797630143498)]]"
175.6499717415944,0.009837731045171445,1.3946026719318767,1.5135809107519376e-06,8.656694430925533,"[[np.float64(0.0883788245792339) np.float64(-0.12718780420036627)
  np.float64(0.9879334217591196)]
 [np.float64(-0.6933651361993638) np.float64(-0.7199339396936382)
  np.float64(-0.030657957864712704)]
 [np.float64(0.756653233079166) np.float64(-0.6537470324154392)
  np.float64(-0.009523784901614013)]]"
134.2186812025143,0.009407058417613995,4.023701547321357,8.379796637968482e-07,8.885968244597207,"[[np.float64(0.43329408678668213) np.float64(0.4472818824939363)
  np.float64(0.7824290076092372)]
 [np.float64(-0.7022980493570761) np.float64(-0.3765207303991527)
  np.float64(0.6041602349120097)]
 [np.float64(0.6786417813738472) np.float64(-0.7295509592865914)
  np.float64(0.0848571174253856)]]"
130.50369781650664,0.0021331945808757942,3.251066853572308,7.945045891077864e-07,4.159754223218557,"[[np.float64(0.359921206827645) np.float64(0.5910861499568053)
  np.float64(0.7218544785515797)]
 [np.float64(-0.6234236727357495) np.float64(-0.42325158580125455)
  np.float64(0.6574199718516259)]
 [np.float64(0.7259171344797387) np.float64(-0.6705663999517483)
  np.float64(0.1529216045053062)]]"
-8.931253746028972,0.008802022913693908,2.830641335189739,3.700340966018473e-07,6.406226716638445,"[[np.float64(0.07823547682934322) np.float64(-0.12193790388668681)
  np.float64(-0.9894495225937533)]
 [np.float64(0.6420193702907265) np.float64(0.7654494973470136)
  np.float64(-0.04356828184245099)]
 [np.float64(0.7594911144201999) np.float64(-0.6022554102599836)
  np.float64(0.24588954416432973)]]"
74.19290969191132,0.0061333801880207334,4.981754966999462,4.5762894824447176e-07,0.3525218434331765,"[[np.float64(0.6391659855677888) np.float64(0.751370589599781)
  np.float64(-0.16403987313343954)]
 [np.float64(-0.0008752852971233064) np.float64(0.21400730565692697)
  np.float64(0.9768316676895314)]
 [np.float64(0.7714504065430684) np.float64(-0.6224348587207702)
  np.float64(0.13205724854694387)]]"
155.33755440604824,0.0016725649867266176,3.5171715001066857,2.880526281084913e-06,3.2037890254419943,"[[np.float64(0.06015322780604784) np.float64(0.35460179677860176)
  np.float64(0.9330804653972244)]
 [np.float64(-0.5460579079243103) np.float64(-0.7708095217630597)
  np.float64(0.32813631672329224)]
 [np.float64(0.8037517682172649) np.float64(-0.5747581212192124)
  np.float64(0.15374068160438628)]]"
-27.291485966471697,0.004581751175000824,4.520449290118913,2.3674326868837948e-06,5.008839934886869,"[[np.float64(-0.10716890341799168) np.float64(-0.3729363631813717)
  np.float64(-0.9216470556331406)]
 [np.float64(0.6476870261883141) np.float64(0.6771182033876818)
  np.float64(-0.34930281239688904)]
 [np.float64(0.798732964751873) np.float64(-0.5667493814547245)
  np.float64(0.2020415542391476)]]"
-77.88118572104588,0.0035645686945955123,3.6821480318278508,2.0561644447401773e-06,2.0529948598886962,"[[np.float64(-0.5237547657052389) np.float64(-0.7950517665475003)
  np.float64(-0.30589807765128163)]
 [np.float64(0.29489225926803136) np.float64(0.16767259249719688)
  np.float64(-0.9407042346822222)]
 [np.float64(0.7933705362426134) np.float64(-0.5978546530720907)
  np.float64(0.1145993281924387)]]"
-162.47843622559103,0.00789295292426975,4.747615753324432,1.4365938864840914e-06,4.704605465694173,"[[np.float64(-0.3763113267143849) np.float64(-0.21194728334917892)
  np.float64(0.9019246833673876)]
 [np.float64(-0.6424767570915141) np.float64(-0.6417021497041768)
  np.float64(-0.4188579325525659)]
 [np.float64(0.720251706938929) np.float64(-0.6807681874960301)
  np.float64(0.13338723156632798)]]"
58.18256223549366,0.006663487066060405,2.3141772242594647,2.042811864359708e-06,1.4063704188668846,"[[np.float64(0.6255717738070921) np.float64(0.6540146923161122)
  np.float64(-0.425352486827701)]
 [np.float64(0.18188366666734787) np.float64(0.4079240097537946)
  np.float64(0.8947157839593683)]
 [np.float64(0.7683910294272012) np.float64(-0.6295671043356831)
  np.float64(0.11498037673529037)]]"
95.85885529025592,0.007251069145329692,4.675147224220545,1.4276690406466038e-06,2.1637942794680294,"[[np.float64(0.565756240716324) np.float64(0.7994941141483631)
  np.float64(0.20181436403947323)]
 [np.float64(-0.271407691777607) np.float64(-0.0505574603106887)
  np.float64(0.9611356865973111)]
 [np.float64(0.7604677713628988) np.float64(-0.626537234368882)
  np.float64(0.1707040206548715)]]"
43.197045566849596,0.008393159805171732,3.4221938576424797,2.894155266416623e-06,4.528667288856959,"[[np.float64(0.5130320540449012) np.float64(0.5589820853174025)
  np.float64(-0.6514116515819148)]
 [np.float64(0.29151164968174903) np.float64(0.6003283134666284)
  np.float64(0.7447327535096995)]
 [np.float64(0.7738798408887115) np.float64(-0.5967258137022418)
  np.float64(0.2121987161305652)]]"
135.4104910438872,0.008897656105614996,4.97953576988609,1.83383249761333e-06,6.9199693468023185,"[[np.float64(0.3757166664950668) np.float64(0.48584228842403304)
  np.float64(0.7891731478558639)]
 [np.float64(-0.6938089914902434) np.float64(-0.41708389779180655)
  np.float64(0.5870861142371577)]
 [np.float64(0.6962660706636348) np.float64(-0.7085663507736966)
  np.float64(0.11466161255568164)]]"
-82.631390686665,0.006313440019373108,2.023871214229791,2.583430615625551e-06,3.2689787798053094,"[[np.float64(-0.5220753333563807) np.float64(-0.8230194759330234)
  np.float64(-0.22377731908250964)]
 [np.float64(0.24362312793456764) np.float64(0.10753936605839623)
  np.float64(-0.963889545686193)]
 [np.float64(0.8029873272969394) np.float64(-0.5878666771831902)
  np.float64(0.09810260984353497)]]"
-98.18875955145353,0.007587103452990511,3.788114122052937,1.2724761291493664e-06,9.388809141633466,"[[np.float64(-0.7549410516190359) np.float64(-0.6556928968080491)
  np.float64(0.01143825405441956)]
 [np.float64(-0.029325142019446276) np.float64(0.016329206213224257)
  np.float64(-0.9994365377901618)]
 [np.float64(0.6619384760974633) np.float64(-0.7380016038354928)
  np.float64(0.13111478405583607)]]"
-157.70291525561984,0.0010220339754660154,3.740847868663138,1.0619016401091533e-06,8.97528607186095,"[[np.float64(-0.3249402860797379) np.float64(-0.341285412661623)
  np.float64(0.8820079804552813)]
 [np.float64(-0.24392678371828036) np.float64(-0.8708179829769943)
  np.float64(-0.42682052985855157)]
 [np.float64(0.8610275196121051) np.float64(-0.4887624999892588)
  np.float64(0.14050917790264147)]]"
25.335965925644047,0.002958806518587022,1.8667207260746412,1.0739897060004379e-06,8.255387141916191,"[[np.float64(0.41645621072431016) np.float64(0.33212692284679934)
  np.float64(-0.8463190483910104)]
 [np.float64(0.5259903259069912) np.float64(0.6712557457877578)
  np.float64(0.5222546321471722)]
 [np.float64(0.8072029032146502) np.float64(-0.590273438122169)
  np.float64(-0.0008609815760787509)]]"
2.956195988682339,0.0026672213134834874,1.5963017822777723,2.299785432827829e-06,0.06829402212688204,"[[np.float64(0.20463680102890006) np.float64(0.04051249955561701)
  np.float64(-0.9779992418424538)]
 [np.float64(0.5994328117968137) np.float64(0.7846899439981244)
  np.float64(0.157930351514793)]
 [np.float64(0.7734207238316411) np.float64(-0.6188267563799308)
  np.float64(0.13738205681978435)]]"
-176.17011579118778,0.008213884939266385,4.340260339871926,3.2691753002827227e-07,5.766427636668815,"[[np.float64(-0.056640555920656116) np.float64(-0.16858373369826152)
  np.float64(0.9840586223174678)]
 [np.float64(-0.5593843600417449) np.float64(-0.8110485005011895)
  np.float64(-0.17114165938034914)]
 [np.float64(0.802648145495775) np.float64(-0.5949111667771654)
  np.float64(0.04285625013956666)]]"
159.52441243764332,0.003622083725733909,1.4671447845302839,8.082989257951991e-07,9.58808422090174,"[[np.float64(0.060514257696939196) np.float64(0.2746609991794448)
  np.float64(0.9596350140262376)]
 [np.float64(-0.3471634857977625) np.float64(-0.8955840248390767)
  np.float64(0.27822071918134816)]
 [np.float64(0.8682133345343037) np.float64(-0.48183798376619724)
  np.float64(0.11848106657585054)]]"
113.14971442863947,0.004912325755908085,1.637277761381072,2.6500167523061523e-06,4.827425936186919,"[[np.float64(0.41368347105500297) np.float64(0.7786905661259939)
  np.float64(0.4717064638122568)]
 [np.float64(-0.31490282738270065) np.float64(-0.363754665662531)
  np.float64(0.876652013352574)]
 [np.float64(0.8188095495663106) np.float64(-0.5513963353597009)
  np.float64(0.15972790266859485)]]"
82.9823383264324,0.006772187507568955,1.517657714983797,2.2244101196537513e-06,3.4382003247645976,"[[np.float64(0.6810413301303728) np.float64(0.7322140824392763)
  np.float64(-0.006726375834103245)]
 [np.float64(-0.07328616892590542) np.float64(0.07729845664301549)
  np.float64(0.9943108598646462)]
 [np.float64(0.7659890872672429) np.float64(-0.6378587663997985)
  np.float64(0.07998069963699735)]]"
-51.38331885566245,0.008691435294505173,2.611103051172106,6.169699558605318e-07,2.435352599701334,"[[np.float64(-0.39566727455146744) np.float64(-0.5903549741599348)
  np.float64(-0.7035114869948013)]
 [np.float64(0.5155353424289637) np.float64(0.49117535356533015)
  np.float64(-0.7021182825967601)]
 [np.float64(0.7464951938859872) np.float64(-0.6483759761782059)
  np.float64(0.14951093277777774)]]"
13.284676430220571,0.005220447313943626,1.439431125101356,2.066145950000565e-06,6.9768119112156,"[[np.float64(0.30868311320728964) np.float64(0.17855980729017373)
  np.float64(-0.934254318074662)]
 [np.float64(0.5751048920023788) np.float64(0.7473065002973847)
  np.float64(0.33284734910797653)]
 [np.float64(0.7947153121457515) np.float64(-0.6067448593149721)
  np.float64(0.016977877839582572)]]"
39.99988873818742,0.007769895208694756,2.930462791239578,1.9077060079615567e-06,9.170378923417209,"[[np.float64(0.5798027004493559) np.float64(0.4534852879257006)
  np.float64(-0.6768898892630757)]
 [np.float64(0.2995764397689953) np.float64(0.6539327315858723)
  np.float64(0.6947128466467084)]
 [np.float64(0.6645302437791138) np.float64(-0.7232043461590815)
  np.float64(0.18808250529883744)]]"
-15.874283549242392,0.004617425421739021,3.4130971199540983,4.902622092611944e-07,2.6120011153224465,"[[np.float64(0.0033030185602155675) np.float64(-0.21701683063240504)
  np.float64(-0.9761622740562436)]
 [np.float64(0.6241071712864011) np.float64(0.763162286347641)
  np.float64(-0.16755167395620818)]
 [np.float64(0.7853938143678846) np.float64(-0.6120183252953669)
  np.float64(0.09268293184464678)]]"
71.18160483221038,0.008959920972348,2.2050541514331576,1.7775478187197901e-06,3.6216467532747645,"[[np.float64(0.6682248956860513) np.float64(0.7136959500363651)
  np.float64(-0.21003233009957373)]
 [np.float64(-0.009400248118040553) np.float64(0.29039425990959195)
  np.float64(0.9568609142121335)]
 [np.float64(0.7322405132298203) np.float64(-0.6653692251275997)
  np.float64(0.145284634555851)]]"
-145.24138675338875,0.003567596200075437,2.793492631169338,9.505946895209187e-07,6.047500836206776,"[[np.float64(-0.5120531000247357) np.float64(-0.4354712623456394)
  np.float64(0.7403826054319167)]
 [np.float64(-0.23989936360425418) np.float64(-0.7551535339047875)
  np.float64(-0.6100749425876995)]
 [np.float64(0.8199934687316935) np.float64(-0.5400991059125089)
  np.float64(0.18948262988958592)]]"
133.17626472934683,0.0018062089124064097,2.4841234457959747,7.874075759160962e-07,0.991130059189189,"[[np.float64(0.34850406998936767) np.float64(0.554578081906537)
  np.float64(0.7556375217455206)]
 [np.float64(-0.5344029033089062) np.float64(-0.544746275122761)
  np.float64(0.6462700926662852)]
 [np.float64(0.7762862961644045) np.float64(-0.6190162219373812)
  np.float64(0.11915747297472105)]]"
106.33777598471545,0.002203038109406691,2.250541027023543,1.0850044193040808e-06,0.2491126408811624,"[[np.float64(0.5315174891373591) np.float64(0.7574124557547103)
  np.float64(0.3792301815635677)]
 [np.float64(-0.3345809279028343) np.float64(-0.22357092910116105)
  np.float64(0.9154625291864884)]
 [np.float64(0.7761094499582152) np.float64(-0.6153284391989952)
  np.float64(0.13793126403569778)]]"
50.73970963403397,0.0015648860872754626,4.887067397701459,1.526569151395493e-06,5.990474941262187,"[[np.float64(0.6182499923717054) np.float64(0.5733113809393968)
  np.float64(-0.5376625404635776)]
 [np.float64(0.3089898417472156) np.float64(0.4517014139803267)
  np.float64(0.8369534696177584)]
 [np.float64(0.7773251251873021) np.float64(-0.6282707954189151)
  np.float64(0.03227161874199988)]]"
-83.36236370927473,0.003811864347730518,4.337540388315585,2.8695153796746704e-06,7.443440313647823,"[[np.float64(-0.6911658729279779) np.float64(-0.6771702517229274)
  np.float64(-0.2524483833998818)]
 [np.float64(0.3072257957796086) np.float64(0.04086642905018607)
  np.float64(-0.9507587734984476)]
 [np.float64(0.7195283000540877) np.float64(-0.6476845376169567)
  np.float64(0.2505668875833037)]]"
60.10551734043398,0.008037177333209574,2.4591888831218016,2.141933173525533e-06,4.4116637892999835,"[[np.float64(0.5907114235063012) np.float64(0.6989597031901768)
  np.float64(-0.4031319231411219)]
 [np.float64(0.2099201519558899) np.float64(0.3492868065518166)
  np.float64(0.9131989140223777)]
 [np.float64(0.8169846511617979) np.float64(-0.5684459815704629)
  np.float64(0.09698064653542354)]]"
-58.04410170439992,0.009636674213363398,1.6554685482529705,2.6114385153039673e-06,8.468620965706128,"[[np.float64(-0.4643802025452781) np.float64(-0.6229531179361129)
  np.float64(-0.6295080939413585)]
 [np.float64(0.5680321437564255) np.float64(0.33583509951464097)
  np.float64(-0.7513682649629745)]
 [np.float64(0.7460861523372319) np.float64(-0.6038527694646301)
  np.float64(0.2805660102373799)]]"
-177.19420316487455,0.009878286104064389,3.3096724574041416,2.5225594872877145e-06,8.097185111960146,"[[np.float64(-0.07409765088438805) np.float64(-0.16355811297118295)
  np.float64(0.9837470619090668)]
 [np.float64(-0.7558933632047549) np.float64(-0.6342371296948516)
  np.float64(-0.16238376390341613)]
 [np.float64(0.7174232090521319) np.float64(-0.6958840234407349)
  np.float64(0.03239390426108062)]]"
